id,gill-attachment,ring-type
1,f,p
2,f,p
3,f,p
4,f,p
5,f,e
6,f,p
7,f,p
8,f,p
9,f,p
10,f,p
11,f,p
12,f,p
13,f,p
14,f,p
15,f,e
16,f,p
17,f,e
18,f,p
19,f,p
20,f,p
21,f,p
22,f,p
23,f,p
24,f,p
25,f,p
26,f,p
27,f,p
28,f,p
29,f,p
30,f,p
31,f,p
32,f,p
33,f,p
34,f,p
35,f,p
36,f,p
37,f,p
38,f,p
39,f,p
40,f,p
41,f,p
42,f,p
43,f,p
44,f,p
45,f,p
46,f,p
47,f,p
48,f,p
49,f,p
50,f,p
51,f,p
52,f,p
53,f,p
54,f,p
55,f,p
56,f,p
57,f,e
58,f,p
59,f,p
60,f,p
61,f,p
62,f,p
63,f,p
64,f,p
65,f,p
66,f,e
67,f,p
68,f,p
69,f,p
70,f,p
71,f,p
72,f,p
73,f,p
74,f,p
75,f,p
76,f,p
77,f,p
78,f,p
79,f,p
80,f,p
81,f,e
82,f,p
83,f,p
84,f,e
85,f,p
86,f,e
87,f,p
88,f,p
89,f,p
90,f,p
91,f,p
92,f,p
93,f,p
94,f,p
95,f,e
96,f,p
97,f,p
98,f,p
99,f,p
100,f,p
101,f,e
102,f,p
103,f,p
104,f,p
105,f,p
106,f,p
107,f,p
108,f,p
109,f,p
110,f,p
111,f,p
112,f,p
113,f,p
114,f,p
115,f,p
116,f,p
117,f,p
118,f,p
119,f,p
120,f,p
121,f,p
122,f,p
123,f,p
124,f,e
125,f,p
126,f,e
127,f,p
128,f,e
129,f,p
130,f,p
131,f,p
132,f,p
133,f,p
134,f,p
135,f,p
136,f,p
137,f,p
138,f,p
139,f,p
140,f,p
141,f,p
142,f,p
143,f,p
144,f,p
145,f,p
146,f,e
147,f,e
148,f,p
149,f,p
150,f,p
151,f,p
152,f,e
153,f,p
154,f,p
155,f,p
156,f,p
157,f,p
158,f,p
159,f,p
160,f,p
161,f,p
162,f,p
163,f,p
164,f,p
165,f,p
166,f,p
167,f,p
168,f,p
169,f,p
170,f,p
171,f,p
172,f,p
173,f,p
174,f,p
175,f,p
176,f,p
177,f,p
178,f,p
179,f,p
180,f,p
181,f,p
182,f,p
183,f,p
184,f,p
185,f,p
186,f,p
187,f,p
188,f,p
189,f,p
190,f,p
191,f,e
192,f,p
193,f,p
194,f,p
195,f,p
196,f,p
197,f,p
198,f,p
199,f,p
200,f,p
201,f,p
202,f,p
203,f,p
204,f,e
205,f,p
206,f,p
207,f,p
208,f,p
209,f,p
210,f,p
211,f,p
212,f,p
213,f,p
214,f,p
215,f,p
216,f,p
217,f,p
218,f,p
219,f,p
220,f,p
221,f,p
222,f,p
223,f,p
224,f,p
225,f,p
226,f,p
227,f,p
228,f,p
229,f,p
230,f,p
231,f,p
232,f,p
233,f,p
234,f,p
235,f,p
236,f,p
237,f,p
238,f,p
239,f,p
240,f,p
241,f,p
242,f,p
243,f,p
244,f,p
245,f,p
246,f,p
247,f,p
248,f,p
249,f,p
250,f,e
251,f,p
252,f,p
253,f,p
254,f,p
255,f,p
256,f,p
257,f,p
258,f,p
259,f,p
260,f,p
261,f,p
262,f,p
263,f,p
264,f,p
265,f,p
266,f,p
267,f,e
268,f,p
269,f,p
270,f,p
271,f,p
272,f,p
273,f,p
274,f,p
275,f,p
276,f,p
277,f,p
278,f,p
279,f,e
280,f,p
281,f,p
282,f,p
283,f,p
284,f,p
285,f,p
286,f,p
287,f,p
288,f,p
289,f,p
290,f,p
291,f,p
292,f,p
293,f,p
294,f,p
295,f,p
296,f,p
297,f,p
298,f,e
299,f,p
300,f,p
301,f,e
302,f,p
303,f,p
304,f,p
305,f,p
306,f,p
307,f,p
308,f,p
309,f,p
310,f,e
311,f,p
312,f,p
313,f,p
314,f,p
315,f,p
316,f,p
317,f,p
318,f,p
319,f,p
320,f,p
321,f,p
322,f,p
323,f,p
324,f,p
325,f,p
326,f,p
327,f,p
328,f,p
329,f,p
330,f,p
331,f,p
332,f,p
333,f,p
334,f,p
335,f,p
336,f,p
337,f,p
338,f,p
339,f,p
340,f,p
341,f,p
342,f,p
343,f,p
344,f,p
345,f,p
346,f,e
347,f,p
348,f,p
349,f,e
350,f,p
351,f,e
352,f,p
353,f,p
354,f,p
355,f,p
356,f,p
357,f,p
358,f,p
359,f,p
360,f,p
361,f,e
362,f,e
363,f,e
364,f,p
365,f,p
366,f,p
367,f,p
368,f,p
369,f,p
370,f,e
371,f,p
372,f,p
373,f,p
374,f,p
375,f,p
376,f,p
377,f,p
378,f,p
379,f,p
380,f,p
381,f,p
382,f,e
383,f,p
384,f,p
385,f,p
386,f,p
387,f,p
388,f,e
389,f,p
390,f,p
391,f,p
392,f,p
393,f,p
394,f,p
395,f,p
396,f,e
397,f,p
398,f,p
399,f,p
400,f,p
401,f,p
402,f,p
403,f,p
404,f,p
405,f,p
406,f,p
407,f,p
408,f,p
409,f,p
410,f,p
411,f,p
412,f,e
413,f,p
414,f,p
415,f,p
416,f,p
417,f,p
418,f,p
419,f,p
420,f,e
421,f,p
422,f,p
423,f,p
424,f,p
425,f,p
426,f,p
427,f,p
428,f,p
429,f,e
430,f,p
431,f,p
432,f,p
433,f,p
434,f,p
435,f,p
436,f,p
437,f,p
438,f,p
439,f,p
440,f,p
441,f,p
442,f,p
443,f,p
444,f,p
445,f,p
446,f,p
447,f,p
448,f,p
449,f,p
450,f,p
451,f,p
452,f,p
453,f,p
454,f,p
455,f,p
456,f,e
457,f,p
458,f,p
459,f,p
460,f,p
461,f,p
462,f,p
463,f,p
464,f,p
465,f,p
466,f,p
467,f,p
468,f,p
469,f,p
470,f,p
471,f,p
472,f,p
473,f,p
474,f,p
475,f,p
476,f,p
477,f,p
478,f,p
479,f,p
480,f,p
481,f,p
482,f,p
483,f,p
484,f,p
485,f,p
486,f,p
487,f,p
488,f,p
489,f,p
490,f,p
491,f,p
492,f,p
493,f,p
494,f,p
495,f,p
496,f,p
497,f,e
498,f,p
499,f,p
500,f,p
501,f,p
502,f,p
503,f,p
504,f,p
505,f,p
506,f,p
507,f,e
508,f,e
509,f,p
510,f,p
511,f,p
512,f,p
513,f,p
514,f,p
515,f,p
516,f,e
517,f,p
518,f,p
519,f,p
520,f,p
521,f,p
522,f,p
523,f,p
524,f,p
525,f,p
526,f,p
527,f,p
528,f,p
529,f,p
530,f,p
531,f,p
532,f,p
533,f,p
534,f,p
535,f,p
536,f,e
537,f,p
538,f,p
539,f,p
540,f,p
541,f,p
542,f,e
543,f,p
544,f,p
545,f,e
546,f,p
547,f,p
548,f,p
549,f,p
550,f,p
551,f,p
552,f,e
553,f,p
554,f,p
555,f,p
556,f,p
557,f,p
558,f,p
559,f,p
560,f,p
561,f,p
562,f,p
563,f,p
564,f,e
565,f,p
566,f,p
567,f,p
568,f,e
569,f,p
570,f,p
571,f,p
572,f,p
573,f,p
574,f,p
575,f,p
576,f,p
577,f,p
578,f,p
579,f,p
580,f,p
581,f,p
582,f,p
583,f,p
584,f,p
585,f,p
586,f,p
587,f,p
588,f,p
589,f,p
590,f,p
591,f,p
592,f,e
593,f,p
594,f,p
595,f,p
596,f,p
597,f,p
598,f,p
599,f,p
600,f,p
601,f,e
602,f,p
603,f,e
604,f,p
605,f,p
606,f,p
607,f,e
608,f,p
609,f,p
610,f,p
611,f,e
612,f,e
613,f,e
614,f,p
615,f,p
616,f,p
617,f,e
618,f,p
619,f,p
620,f,p
621,f,p
622,f,p
623,f,p
624,f,p
625,f,p
626,f,p
627,f,p
628,f,p
629,f,p
630,f,p
631,f,e
632,f,p
633,f,p
634,f,p
635,f,p
636,f,p
637,f,p
638,f,p
639,f,e
640,f,p
641,f,p
642,f,p
643,f,p
644,f,p
645,f,p
646,f,p
647,f,p
648,f,p
649,f,p
650,f,p
651,f,p
652,f,p
653,f,p
654,f,p
655,f,p
656,f,p
657,f,e
658,f,p
659,f,p
660,f,p
661,f,p
662,f,p
663,f,p
664,f,p
665,f,p
666,f,p
667,f,p
668,f,p
669,f,p
670,f,p
671,f,p
672,f,p
673,f,e
674,f,p
675,f,p
676,f,p
677,f,p
678,f,p
679,f,p
680,f,p
681,f,p
682,f,p
683,f,p
684,f,p
685,f,p
686,f,p
687,f,p
688,f,p
689,f,p
690,f,p
691,f,p
692,f,p
693,f,p
694,f,e
695,f,p
696,f,p
697,f,p
698,f,p
699,f,p
700,f,e
701,f,p
702,f,e
703,f,p
704,f,p
705,f,p
706,f,p
707,f,p
708,f,p
709,f,p
710,f,p
711,f,p
712,f,e
713,f,p
714,f,p
715,f,p
716,f,p
717,f,p
718,f,p
719,f,p
720,f,p
721,f,p
722,f,p
723,f,p
724,f,e
725,f,p
726,f,p
727,f,p
728,f,e
729,f,p
730,f,p
731,f,p
732,f,e
733,f,p
734,f,p
735,f,p
736,f,p
737,f,p
738,f,p
739,f,p
740,f,p
741,f,p
742,f,p
743,f,p
744,f,p
745,f,p
746,f,p
747,f,p
748,f,p
749,f,p
750,f,p
751,f,p
752,f,p
753,f,p
754,f,p
755,f,p
756,f,p
757,f,p
758,f,e
759,f,p
760,f,p
761,f,p
762,f,p
763,f,p
764,f,p
765,f,p
766,f,e
767,f,p
768,f,p
769,f,p
770,f,p
771,f,p
772,f,p
773,f,p
774,f,p
775,f,e
776,f,p
777,f,p
778,f,p
779,f,p
780,f,p
781,f,p
782,f,p
783,f,p
784,f,p
785,f,p
786,f,p
787,f,p
788,f,p
789,f,p
790,f,p
791,f,p
792,f,p
793,f,p
794,f,p
795,f,p
796,f,p
797,f,p
798,f,e
799,f,p
800,f,p
801,f,p
802,f,p
803,f,p
804,f,p
805,f,p
806,f,p
807,f,p
808,f,p
809,f,p
810,f,p
811,f,p
812,f,p
813,f,p
814,f,p
815,f,p
816,f,p
817,f,p
818,f,p
819,f,p
820,f,p
821,f,p
822,f,p
823,f,p
824,f,p
825,f,p
826,f,p
827,f,p
828,f,p
829,f,p
830,f,p
831,f,p
832,f,p
833,f,p
834,f,p
835,f,p
836,f,p
837,f,p
838,f,p
839,f,p
840,f,p
841,f,p
842,f,p
843,f,p
844,f,p
845,f,p
846,f,e
847,f,p
848,f,p
849,f,p
850,f,p
851,f,p
852,f,p
853,f,p
854,f,e
855,f,p
856,f,p
857,f,p
858,f,p
859,f,p
860,f,p
861,f,p
862,f,p
863,f,p
864,f,p
865,f,p
866,f,p
867,f,p
868,f,p
869,f,p
870,f,p
871,f,p
872,f,p
873,f,p
874,f,p
875,f,p
876,f,p
877,f,p
878,f,p
879,f,p
880,f,p
881,f,p
882,f,e
883,f,p
884,f,p
885,f,p
886,f,p
887,f,p
888,f,p
889,f,p
890,f,p
891,f,p
892,f,p
893,f,p
894,f,p
895,f,p
896,f,p
897,f,p
898,f,p
899,f,p
900,f,p
901,f,p
902,f,e
903,f,e
904,f,e
905,f,p
906,f,e
907,f,p
908,f,e
909,f,p
910,f,p
911,f,p
912,f,e
913,f,p
914,f,e
915,f,e
916,f,p
917,f,p
918,f,p
919,f,e
920,f,e
921,f,e
922,f,e
923,f,p
924,f,p
925,f,e
926,f,e
927,f,e
928,f,p
929,f,p
930,f,p
931,f,e
932,f,e
933,f,p
934,f,p
935,f,p
936,f,e
937,f,p
938,f,e
939,f,e
940,f,p
941,f,p
942,f,e
943,f,p
944,f,e
945,f,p
946,f,e
947,f,e
948,f,p
949,f,e
950,f,p
951,f,p
952,f,p
953,f,e
954,f,e
955,f,e
956,f,p
957,f,p
958,f,p
959,f,p
960,f,p
961,f,e
962,f,e
963,f,p
964,f,p
965,f,e
966,f,e
967,f,p
968,f,p
969,f,e
970,f,e
971,f,e
972,f,p
973,f,p
974,f,e
975,f,p
976,f,e
977,f,p
978,f,p
979,f,p
980,f,e
981,f,p
982,f,p
983,f,e
984,f,e
985,f,p
986,f,e
987,f,e
988,f,e
989,f,e
990,f,p
991,f,p
992,f,e
993,f,e
994,f,p
995,f,e
996,f,e
997,f,p
998,f,p
999,f,p
1000,f,p
1001,f,p
1002,f,p
1003,f,e
1004,f,p
1005,f,p
1006,f,e
1007,f,e
1008,f,e
1009,f,e
1010,f,p
1011,f,p
1012,f,e
1013,f,p
1014,f,e
1015,f,e
1016,f,p
1017,f,p
1018,f,p
1019,f,p
1020,f,p
1021,f,e
1022,f,p
1023,f,p
1024,f,p
1025,f,p
1026,f,p
1027,f,p
1028,f,p
1029,f,p
1030,f,e
1031,f,p
1032,f,p
1033,f,e
1034,f,e
1035,f,e
1036,f,e
1037,f,p
1038,f,p
1039,f,p
1040,f,p
1041,f,p
1042,f,p
1043,f,e
1044,f,p
1045,f,e
1046,f,p
1047,f,e
1048,f,p
1049,f,p
1050,f,e
1051,f,p
1052,f,p
1053,f,e
1054,f,p
1055,f,e
1056,f,p
1057,f,p
1058,f,e
1059,f,p
1060,f,e
1061,f,e
1062,f,p
1063,f,e
1064,f,e
1065,f,p
1066,f,p
1067,f,p
1068,f,e
1069,f,p
1070,f,p
1071,f,e
1072,f,p
1073,f,p
1074,f,p
1075,f,p
1076,f,e
1077,f,p
1078,f,p
1079,f,e
1080,f,p
1081,f,e
1082,f,p
1083,f,p
1084,f,e
1085,f,p
1086,f,e
1087,f,p
1088,f,p
1089,f,p
1090,f,p
1091,f,p
1092,f,p
1093,f,e
1094,f,p
1095,f,e
1096,f,p
1097,f,e
1098,f,e
1099,f,e
1100,f,p
1101,f,e
1102,f,e
1103,f,e
1104,f,p
1105,f,e
1106,f,e
1107,f,p
1108,f,e
1109,f,p
1110,f,e
1111,f,e
1112,f,p
1113,f,p
1114,f,e
1115,f,p
1116,f,e
1117,f,e
1118,f,e
1119,f,e
1120,f,e
1121,f,e
1122,f,e
1123,f,e
1124,f,p
1125,f,p
1126,f,e
1127,f,e
1128,f,p
1129,f,e
1130,f,e
1131,f,p
1132,f,e
1133,f,p
1134,f,e
1135,f,p
1136,f,e
1137,f,p
1138,f,p
1139,f,e
1140,f,e
1141,f,e
1142,f,p
1143,f,e
1144,f,e
1145,f,e
1146,f,e
1147,f,e
1148,f,e
1149,f,e
1150,f,e
1151,f,e
1152,f,p
1153,f,p
1154,f,e
1155,f,p
1156,f,p
1157,f,e
1158,f,e
1159,f,e
1160,f,e
1161,f,p
1162,f,e
1163,f,p
1164,f,p
1165,f,e
1166,f,p
1167,f,p
1168,f,p
1169,f,e
1170,f,p
1171,f,e
1172,f,p
1173,f,e
1174,f,p
1175,f,p
1176,f,p
1177,f,p
1178,f,p
1179,f,e
1180,f,p
1181,f,p
1182,f,p
1183,f,e
1184,f,p
1185,f,p
1186,f,e
1187,f,e
1188,f,p
1189,f,p
1190,f,e
1191,f,e
1192,f,p
1193,f,p
1194,f,p
1195,f,p
1196,f,p
1197,f,e
1198,f,p
1199,f,p
1200,f,p
1201,f,p
1202,f,p
1203,f,p
1204,f,e
1205,f,p
1206,f,e
1207,f,e
1208,f,p
1209,f,e
1210,f,e
1211,f,e
1212,f,e
1213,f,p
1214,f,e
1215,f,e
1216,f,p
1217,f,e
1218,f,e
1219,f,e
1220,f,e
1221,f,p
1222,f,e
1223,f,e
1224,f,e
1225,f,e
1226,f,e
1227,f,p
1228,f,e
1229,f,p
1230,f,p
1231,f,e
1232,f,p
1233,f,e
1234,f,e
1235,f,e
1236,f,e
1237,f,e
1238,f,e
1239,f,e
1240,f,e
1241,f,p
1242,f,e
1243,f,p
1244,f,p
1245,f,e
1246,f,e
1247,f,e
1248,f,e
1249,f,e
1250,f,e
1251,f,p
1252,f,p
1253,f,e
1254,f,p
1255,f,p
1256,f,e
1257,f,p
1258,f,e
1259,f,e
1260,f,p
1261,f,p
1262,f,p
1263,f,p
1264,f,e
1265,f,p
1266,f,e
1267,f,e
1268,f,p
1269,f,e
1270,f,p
1271,f,e
1272,f,e
1273,f,p
1274,f,e
1275,f,e
1276,f,p
1277,f,e
1278,f,e
1279,f,e
1280,f,e
1281,f,p
1282,f,e
1283,f,e
1284,f,e
1285,f,e
1286,f,e
1287,f,p
1288,f,e
1289,f,p
1290,f,e
1291,f,p
1292,f,e
1293,f,e
1294,f,p
1295,f,p
1296,f,e
1297,f,p
1298,f,e
1299,f,p
1300,f,e
1301,f,e
1302,f,e
1303,f,e
1304,f,p
1305,f,e
1306,f,e
1307,f,e
1308,f,e
1309,f,e
1310,f,e
1311,f,e
1312,f,e
1313,f,p
1314,f,e
1315,f,p
1316,f,e
1317,f,e
1318,f,p
1319,f,p
1320,f,e
1321,f,p
1322,f,p
1323,f,e
1324,f,p
1325,f,e
1326,f,e
1327,f,p
1328,f,e
1329,f,e
1330,f,e
1331,f,e
1332,f,e
1333,f,p
1334,f,e
1335,f,e
1336,f,p
1337,f,e
1338,f,p
1339,f,p
1340,f,e
1341,f,e
1342,f,e
1343,f,p
1344,f,p
1345,f,e
1346,f,e
1347,f,p
1348,f,e
1349,f,p
1350,f,p
1351,f,p
1352,f,e
1353,f,e
1354,f,e
1355,f,e
1356,f,e
1357,f,e
1358,f,e
1359,f,e
1360,f,e
1361,f,e
1362,f,p
1363,f,e
1364,f,e
1365,f,e
1366,f,e
1367,f,e
1368,f,e
1369,f,p
1370,f,e
1371,f,e
1372,f,e
1373,f,e
1374,f,p
1375,f,p
1376,f,p
1377,f,e
1378,f,e
1379,f,p
1380,f,e
1381,f,p
1382,f,e
1383,f,p
1384,f,e
1385,f,e
1386,f,e
1387,f,e
1388,f,p
1389,f,p
1390,f,e
1391,f,p
1392,f,e
1393,f,e
1394,f,e
1395,f,e
1396,f,p
1397,f,e
1398,f,e
1399,f,e
1400,f,p
1401,f,e
1402,f,p
1403,f,p
1404,f,e
1405,f,e
1406,f,p
1407,f,e
1408,f,e
1409,f,e
1410,f,e
1411,f,e
1412,f,e
1413,f,e
1414,f,e
1415,f,e
1416,f,e
1417,f,p
1418,f,e
1419,f,e
1420,f,e
1421,f,p
1422,f,e
1423,f,p
1424,f,e
1425,f,e
1426,f,e
1427,f,e
1428,f,e
1429,f,p
1430,f,p
1431,f,e
1432,f,p
1433,f,p
1434,f,p
1435,f,p
1436,f,p
1437,f,p
1438,f,p
1439,f,e
1440,f,e
1441,f,p
1442,f,e
1443,f,e
1444,f,e
1445,f,p
1446,f,p
1447,f,e
1448,f,e
1449,f,p
1450,f,e
1451,f,e
1452,f,p
1453,f,e
1454,f,p
1455,f,e
1456,f,e
1457,f,e
1458,f,p
1459,f,e
1460,f,p
1461,f,p
1462,f,e
1463,f,e
1464,f,p
1465,f,e
1466,f,p
1467,f,p
1468,f,p
1469,f,e
1470,f,e
1471,f,p
1472,f,e
1473,f,p
1474,f,e
1475,f,e
1476,f,e
1477,f,e
1478,f,e
1479,f,p
1480,f,e
1481,f,e
1482,f,e
1483,f,e
1484,f,e
1485,f,p
1486,f,p
1487,f,e
1488,f,e
1489,f,e
1490,f,p
1491,f,e
1492,f,p
1493,f,e
1494,f,e
1495,f,e
1496,f,e
1497,f,e
1498,f,e
1499,f,e
1500,f,e
1501,f,e
1502,f,p
1503,f,e
1504,f,e
1505,f,e
1506,f,p
1507,f,p
1508,f,p
1509,f,e
1510,f,p
1511,f,e
1512,f,e
1513,f,e
1514,f,p
1515,f,p
1516,f,e
1517,f,e
1518,f,e
1519,f,p
1520,f,e
1521,f,p
1522,f,e
1523,f,e
1524,f,e
1525,f,e
1526,f,e
1527,f,p
1528,f,e
1529,f,p
1530,f,e
1531,f,p
1532,f,e
1533,f,p
1534,f,e
1535,f,e
1536,f,p
1537,f,e
1538,f,p
1539,f,e
1540,f,e
1541,f,p
1542,f,e
1543,f,e
1544,f,e
1545,f,e
1546,f,p
1547,f,p
1548,f,e
1549,f,p
1550,f,e
1551,f,e
1552,f,p
1553,f,e
1554,f,e
1555,f,e
1556,f,p
1557,f,e
1558,f,p
1559,f,e
1560,f,e
1561,f,e
1562,f,e
1563,f,e
1564,f,p
1565,f,p
1566,f,p
1567,f,p
1568,f,e
1569,f,p
1570,f,e
1571,f,e
1572,f,e
1573,f,e
1574,f,e
1575,f,p
1576,f,e
1577,f,e
1578,f,p
1579,f,e
1580,f,p
1581,f,e
1582,f,p
1583,f,e
1584,f,p
1585,f,e
1586,f,p
1587,f,p
1588,f,e
1589,f,p
1590,f,e
1591,f,e
1592,f,e
1593,f,e
1594,f,e
1595,f,e
1596,f,e
1597,f,p
1598,f,e
1599,f,e
1600,f,p
1601,f,p
1602,f,e
1603,f,e
1604,f,e
1605,f,e
1606,f,e
1607,f,e
1608,f,e
1609,f,p
1610,f,e
1611,f,e
1612,f,e
1613,f,p
1614,f,p
1615,f,p
1616,f,p
1617,f,e
1618,f,e
1619,f,e
1620,f,e
1621,f,e
1622,f,e
1623,f,e
1624,f,e
1625,f,p
1626,f,p
1627,f,e
1628,f,p
1629,f,p
1630,f,p
1631,f,p
1632,f,e
1633,f,e
1634,f,e
1635,f,e
1636,f,e
1637,f,p
1638,f,p
1639,f,e
1640,f,e
1641,f,e
1642,f,p
1643,f,p
1644,f,e
1645,f,e
1646,f,e
1647,f,p
1648,f,e
1649,f,e
1650,f,e
1651,f,e
1652,f,e
1653,f,e
1654,f,e
1655,f,e
1656,f,e
1657,f,e
1658,f,e
1659,f,e
1660,f,e
1661,f,e
1662,f,e
1663,f,p
1664,f,p
1665,f,e
1666,f,p
1667,f,e
1668,f,p
1669,f,p
1670,f,p
1671,f,p
1672,f,p
1673,f,p
1674,f,e
1675,f,e
1676,f,e
1677,f,e
1678,f,e
1679,f,e
1680,f,e
1681,f,p
1682,f,e
1683,f,p
1684,f,p
1685,f,e
1686,f,e
1687,f,e
1688,f,e
1689,f,p
1690,f,p
1691,f,p
1692,f,p
1693,f,e
1694,f,e
1695,f,e
1696,f,e
1697,f,e
1698,f,e
1699,f,e
1700,f,e
1701,f,p
1702,f,e
1703,f,e
1704,f,p
1705,f,p
1706,f,e
1707,f,e
1708,f,p
1709,f,e
1710,f,p
1711,f,e
1712,f,e
1713,f,p
1714,f,e
1715,f,e
1716,f,p
1717,f,p
1718,f,p
1719,f,e
1720,f,e
1721,f,e
1722,f,e
1723,f,e
1724,f,e
1725,f,p
1726,f,p
1727,f,e
1728,f,e
1729,f,p
1730,f,e
1731,f,e
1732,f,p
1733,f,e
1734,f,e
1735,f,p
1736,f,e
1737,f,e
1738,f,p
1739,f,e
1740,f,p
1741,f,e
1742,f,e
1743,f,e
1744,f,e
1745,f,p
1746,f,p
1747,f,e
1748,f,p
1749,f,p
1750,f,e
1751,f,e
1752,f,p
1753,f,e
1754,f,e
1755,f,p
1756,f,e
1757,f,e
1758,f,e
1759,f,p
1760,f,e
1761,f,e
1762,f,e
1763,f,e
1764,f,p
1765,f,e
1766,f,p
1767,f,e
1768,f,e
1769,f,p
1770,f,p
1771,f,e
1772,f,e
1773,f,e
1774,f,p
1775,f,p
1776,f,e
1777,f,e
1778,f,p
1779,f,p
1780,f,e
1781,f,p
1782,f,e
1783,f,e
1784,f,p
1785,f,p
1786,f,e
1787,f,p
1788,f,e
1789,f,e
1790,f,e
1791,f,p
1792,f,e
1793,f,e
1794,f,e
1795,f,e
1796,f,p
1797,f,e
1798,f,e
1799,f,p
1800,f,e
1801,f,p
1802,f,e
1803,f,p
1804,f,p
1805,f,p
1806,f,p
1807,f,e
1808,f,p
1809,f,p
1810,f,e
1811,f,p
1812,f,p
1813,f,p
1814,f,p
1815,f,e
1816,f,p
1817,f,l
1818,f,e
1819,f,e
1820,f,p
1821,f,e
1822,f,e
1823,f,p
1824,f,p
1825,f,p
1826,f,e
1827,f,p
1828,f,e
1829,f,e
1830,f,p
1831,f,p
1832,f,p
1833,f,e
1834,f,p
1835,f,p
1836,f,p
1837,f,p
1838,f,e
1839,f,p
1840,f,e
1841,f,e
1842,f,e
1843,f,p
1844,f,p
1845,f,p
1846,f,e
1847,f,e
1848,f,p
1849,f,p
1850,f,p
1851,f,p
1852,f,e
1853,f,p
1854,f,p
1855,f,p
1856,f,p
1857,f,p
1858,f,p
1859,f,p
1860,f,e
1861,f,p
1862,f,p
1863,f,e
1864,f,p
1865,f,e
1866,f,p
1867,f,p
1868,f,e
1869,f,e
1870,f,e
1871,f,e
1872,f,p
1873,f,e
1874,f,e
1875,f,p
1876,f,p
1877,f,p
1878,f,p
1879,f,e
1880,f,e
1881,f,e
1882,f,e
1883,f,p
1884,f,p
1885,f,p
1886,f,p
1887,f,e
1888,f,p
1889,f,p
1890,f,p
1891,f,e
1892,f,e
1893,f,e
1894,f,e
1895,f,e
1896,f,p
1897,f,p
1898,f,e
1899,f,e
1900,f,e
1901,f,p
1902,f,e
1903,f,e
1904,f,e
1905,f,e
1906,f,e
1907,f,e
1908,f,p
1909,f,e
1910,f,e
1911,f,p
1912,f,p
1913,f,p
1914,f,e
1915,f,e
1916,f,p
1917,f,p
1918,f,e
1919,f,e
1920,f,p
1921,f,p
1922,f,e
1923,f,e
1924,f,e
1925,f,p
1926,f,p
1927,f,e
1928,f,e
1929,f,e
1930,f,e
1931,f,p
1932,f,p
1933,f,p
1934,f,e
1935,f,e
1936,f,e
1937,f,p
1938,f,e
1939,f,e
1940,f,e
1941,f,p
1942,f,p
1943,f,p
1944,f,e
1945,f,e
1946,f,p
1947,f,e
1948,f,p
1949,f,p
1950,f,e
1951,f,p
1952,f,p
1953,f,p
1954,f,p
1955,f,p
1956,f,p
1957,f,e
1958,f,p
1959,f,p
1960,f,p
1961,f,p
1962,f,e
1963,f,p
1964,f,e
1965,f,e
1966,f,e
1967,f,p
1968,f,e
1969,f,p
1970,f,e
1971,f,e
1972,f,e
1973,f,p
1974,f,p
1975,f,e
1976,f,p
1977,f,p
1978,f,p
1979,f,e
1980,f,p
1981,f,e
1982,f,e
1983,f,p
1984,f,e
1985,f,p
1986,f,p
1987,f,e
1988,f,p
1989,f,p
1990,f,p
1991,f,p
1992,f,p
1993,f,e
1994,f,p
1995,f,e
1996,f,p
1997,f,e
1998,f,e
1999,f,e
2000,f,e
2001,f,p
2002,f,p
2003,f,e
2004,f,p
2005,f,p
2006,f,p
2007,f,p
2008,f,e
2009,f,e
2010,f,p
2011,f,e
2012,f,e
2013,f,p
2014,f,e
2015,f,e
2016,f,e
2017,f,e
2018,f,p
2019,f,p
2020,f,e
2021,f,p
2022,f,p
2023,f,p
2024,f,e
2025,f,p
2026,f,p
2027,f,e
2028,f,p
2029,f,e
2030,f,p
2031,f,p
2032,f,e
2033,f,p
2034,f,p
2035,f,p
2036,f,e
2037,f,e
2038,f,e
2039,f,e
2040,f,p
2041,f,p
2042,f,p
2043,f,e
2044,f,e
2045,f,e
2046,f,p
2047,f,p
2048,f,e
2049,f,p
2050,f,p
2051,f,e
2052,f,p
2053,f,e
2054,f,e
2055,f,p
2056,f,e
2057,f,p
2058,f,p
2059,f,e
2060,f,p
2061,f,e
2062,f,p
2063,f,e
2064,f,p
2065,f,e
2066,f,p
2067,f,p
2068,f,p
2069,f,e
2070,f,p
2071,f,p
2072,f,p
2073,f,p
2074,f,p
2075,f,p
2076,f,p
2077,f,p
2078,f,p
2079,f,e
2080,f,p
2081,f,e
2082,f,e
2083,f,p
2084,f,p
2085,f,e
2086,f,e
2087,f,e
2088,f,p
2089,f,p
2090,f,p
2091,f,p
2092,f,e
2093,f,p
2094,f,e
2095,f,e
2096,f,p
2097,f,p
2098,f,e
2099,f,p
2100,f,e
2101,f,p
2102,f,p
2103,f,p
2104,f,p
2105,f,p
2106,f,p
2107,f,p
2108,f,p
2109,f,p
2110,f,p
2111,f,p
2112,f,p
2113,f,p
2114,f,p
2115,f,p
2116,f,p
2117,f,p
2118,f,p
2119,f,p
2120,f,p
2121,f,p
2122,f,p
2123,f,p
2124,f,p
2125,f,p
2126,f,p
2127,f,p
2128,f,p
2129,f,l
2130,f,p
2131,f,p
2132,f,e
2133,f,p
2134,f,p
2135,f,p
2136,f,p
2137,f,p
2138,f,p
2139,f,p
2140,f,p
2141,f,p
2142,f,p
2143,f,p
2144,f,p
2145,f,p
2146,f,p
2147,f,p
2148,f,p
2149,f,p
2150,f,p
2151,f,p
2152,f,p
2153,f,p
2154,f,p
2155,f,p
2156,f,p
2157,f,p
2158,f,p
2159,f,p
2160,f,p
2161,f,p
2162,f,p
2163,f,p
2164,f,p
2165,f,p
2166,f,p
2167,f,p
2168,f,p
2169,f,p
2170,f,p
2171,f,p
2172,f,p
2173,f,p
2174,f,p
2175,f,p
2176,f,p
2177,f,p
2178,f,p
2179,f,l
2180,f,p
2181,f,p
2182,f,p
2183,f,p
2184,f,p
2185,f,p
2186,f,p
2187,f,p
2188,f,p
2189,f,p
2190,f,p
2191,f,p
2192,f,p
2193,f,e
2194,f,p
2195,f,p
2196,f,p
2197,f,p
2198,f,p
2199,f,p
2200,f,p
2201,f,e
2202,f,p
2203,f,p
2204,f,p
2205,f,p
2206,f,p
2207,f,p
2208,f,p
2209,f,p
2210,f,p
2211,f,p
2212,f,p
2213,f,p
2214,f,p
2215,f,p
2216,f,p
2217,f,p
2218,f,p
2219,f,p
2220,f,p
2221,f,p
2222,f,p
2223,f,p
2224,f,p
2225,f,p
2226,f,p
2227,f,p
2228,f,e
2229,f,p
2230,f,p
2231,f,p
2232,f,p
2233,f,p
2234,f,p
2235,f,p
2236,f,p
2237,f,p
2238,f,e
2239,f,l
2240,f,p
2241,f,p
2242,f,p
2243,f,p
2244,f,p
2245,f,p
2246,f,p
2247,f,p
2248,f,e
2249,f,p
2250,f,p
2251,f,p
2252,f,p
2253,f,e
2254,f,p
2255,f,p
2256,f,p
2257,f,p
2258,f,p
2259,f,p
2260,f,p
2261,f,e
2262,f,p
2263,f,p
2264,f,p
2265,f,p
2266,f,p
2267,f,e
2268,f,p
2269,f,p
2270,f,p
2271,f,p
2272,f,e
2273,f,p
2274,f,p
2275,f,p
2276,f,p
2277,f,p
2278,f,p
2279,f,p
2280,f,p
2281,f,p
2282,f,p
2283,f,p
2284,f,p
2285,f,p
2286,f,p
2287,f,p
2288,f,p
2289,f,p
2290,f,p
2291,f,p
2292,f,p
2293,f,p
2294,f,p
2295,f,p
2296,f,e
2297,f,p
2298,f,e
2299,f,p
2300,f,p
2301,f,p
2302,f,p
2303,f,p
2304,f,p
2305,f,p
2306,f,p
2307,f,p
2308,f,p
2309,f,p
2310,f,p
2311,f,p
2312,f,p
2313,f,p
2314,f,p
2315,f,p
2316,f,p
2317,f,p
2318,f,p
2319,f,p
2320,f,p
2321,f,p
2322,f,p
2323,f,p
2324,f,p
2325,f,p
2326,f,p
2327,f,p
2328,f,p
2329,f,p
2330,f,p
2331,f,p
2332,f,p
2333,f,p
2334,f,p
2335,f,p
2336,f,p
2337,f,p
2338,f,p
2339,f,p
2340,f,p
2341,f,p
2342,f,p
2343,f,p
2344,f,p
2345,f,p
2346,f,p
2347,f,e
2348,f,p
2349,f,e
2350,f,p
2351,f,p
2352,f,p
2353,f,p
2354,f,p
2355,f,p
2356,f,p
2357,f,p
2358,f,p
2359,f,p
2360,f,p
2361,f,p
2362,f,p
2363,f,p
2364,f,p
2365,f,p
2366,f,p
2367,f,p
2368,f,e
2369,f,p
2370,f,p
2371,f,p
2372,f,p
2373,f,p
2374,f,p
2375,f,p
2376,f,p
2377,f,p
2378,f,e
2379,f,e
2380,f,p
2381,f,p
2382,f,p
2383,f,p
2384,f,p
2385,f,p
2386,f,l
2387,f,p
2388,f,e
2389,f,p
2390,f,p
2391,f,p
2392,f,p
2393,f,p
2394,f,p
2395,f,p
2396,f,p
2397,f,p
2398,f,p
2399,f,p
2400,f,p
2401,f,p
2402,f,p
2403,f,p
2404,f,p
2405,f,p
2406,f,p
2407,f,p
2408,f,p
2409,f,p
2410,f,p
2411,f,p
2412,f,p
2413,f,p
2414,f,p
2415,f,p
2416,f,p
2417,f,p
2418,f,p
2419,f,p
2420,f,p
2421,f,p
2422,f,p
2423,f,p
2424,f,p
2425,f,p
2426,f,p
2427,f,p
2428,f,p
2429,f,p
2430,f,p
2431,f,p
2432,f,p
2433,f,p
2434,f,p
2435,f,p
2436,f,p
2437,f,p
2438,f,p
2439,f,p
2440,f,p
2441,f,p
2442,f,p
2443,f,p
2444,f,l
2445,f,p
2446,f,p
2447,f,p
2448,f,p
2449,f,p
2450,f,p
2451,f,p
2452,f,p
2453,f,e
2454,f,p
2455,f,p
2456,f,p
2457,f,p
2458,f,p
2459,f,p
2460,f,p
2461,f,p
2462,f,p
2463,f,p
2464,f,p
2465,f,p
2466,f,p
2467,f,p
2468,f,p
2469,f,p
2470,f,p
2471,f,p
2472,f,p
2473,f,p
2474,f,p
2475,f,p
2476,f,p
2477,f,p
2478,f,p
2479,f,p
2480,f,e
2481,f,p
2482,f,p
2483,f,p
2484,f,p
2485,f,p
2486,f,p
2487,f,p
2488,f,e
2489,f,p
2490,f,p
2491,f,p
2492,f,p
2493,f,p
2494,f,p
2495,f,p
2496,f,p
2497,f,p
2498,f,p
2499,f,p
2500,f,p
2501,f,e
2502,f,e
2503,f,p
2504,f,p
2505,f,p
2506,f,p
2507,f,p
2508,f,p
2509,f,p
2510,f,p
2511,f,p
2512,f,p
2513,f,p
2514,f,p
2515,f,p
2516,f,p
2517,f,p
2518,f,p
2519,f,e
2520,f,p
2521,f,p
2522,f,p
2523,f,p
2524,f,p
2525,f,p
2526,f,p
2527,f,p
2528,f,p
2529,f,p
2530,f,p
2531,f,p
2532,f,p
2533,f,p
2534,f,l
2535,f,p
2536,f,p
2537,f,l
2538,f,p
2539,f,p
2540,f,l
2541,f,p
2542,f,p
2543,f,p
2544,f,p
2545,f,p
2546,f,p
2547,f,p
2548,f,p
2549,f,p
2550,f,p
2551,f,p
2552,f,p
2553,f,p
2554,f,p
2555,f,p
2556,f,p
2557,f,p
2558,f,p
2559,f,p
2560,f,p
2561,f,p
2562,f,p
2563,f,p
2564,f,p
2565,f,p
2566,f,p
2567,f,l
2568,f,p
2569,f,p
2570,f,p
2571,f,p
2572,f,l
2573,f,p
2574,f,p
2575,f,p
2576,f,p
2577,f,p
2578,f,p
2579,f,p
2580,f,p
2581,f,p
2582,f,p
2583,f,p
2584,f,p
2585,f,p
2586,f,p
2587,f,p
2588,f,p
2589,f,p
2590,f,p
2591,f,p
2592,f,p
2593,f,p
2594,f,p
2595,f,l
2596,f,p
2597,f,p
2598,f,p
2599,f,p
2600,f,p
2601,f,p
2602,f,p
2603,f,p
2604,f,p
2605,f,p
2606,f,l
2607,f,p
2608,f,p
2609,f,p
2610,f,p
2611,f,p
2612,f,p
2613,f,p
2614,f,p
2615,f,p
2616,f,p
2617,f,p
2618,f,p
2619,f,p
2620,f,p
2621,f,p
2622,f,p
2623,f,p
2624,f,p
2625,f,p
2626,f,p
2627,f,p
2628,f,p
2629,f,p
2630,f,p
2631,f,e
2632,f,p
2633,f,p
2634,f,p
2635,f,p
2636,f,p
2637,f,p
2638,f,p
2639,f,p
2640,f,p
2641,f,p
2642,f,p
2643,f,p
2644,f,p
2645,f,p
2646,f,p
2647,f,p
2648,f,e
2649,f,p
2650,f,p
2651,f,p
2652,f,p
2653,f,p
2654,f,p
2655,f,p
2656,f,p
2657,f,p
2658,f,p
2659,f,p
2660,f,p
2661,f,p
2662,f,p
2663,f,p
2664,f,p
2665,f,p
2666,f,p
2667,f,p
2668,f,p
2669,f,p
2670,f,p
2671,f,p
2672,f,p
2673,f,p
2674,f,p
2675,f,p
2676,f,p
2677,f,p
2678,f,p
2679,f,p
2680,f,p
2681,f,p
2682,f,p
2683,f,p
2684,f,p
2685,f,p
2686,f,p
2687,f,p
2688,f,p
2689,f,p
2690,f,p
2691,f,e
2692,f,p
2693,f,p
2694,f,p
2695,f,p
2696,f,p
2697,f,p
2698,f,l
2699,f,p
2700,f,p
2701,f,p
2702,f,p
2703,f,p
2704,f,p
2705,f,p
2706,f,p
2707,f,p
2708,f,p
2709,f,p
2710,f,p
2711,f,p
2712,f,p
2713,f,p
2714,f,p
2715,f,p
2716,f,p
2717,f,p
2718,f,p
2719,f,p
2720,f,p
2721,f,p
2722,f,p
2723,f,p
2724,f,p
2725,f,p
2726,f,p
2727,f,p
2728,f,p
2729,f,p
2730,f,p
2731,f,e
2732,f,p
2733,f,p
2734,f,p
2735,f,p
2736,f,p
2737,f,p
2738,f,p
2739,f,p
2740,f,p
2741,f,p
2742,f,p
2743,f,p
2744,f,p
2745,f,p
2746,f,p
2747,f,p
2748,f,p
2749,f,p
2750,f,p
2751,f,p
2752,f,p
2753,f,p
2754,f,p
2755,f,p
2756,f,p
2757,f,p
2758,f,p
2759,f,p
2760,f,p
2761,f,p
2762,f,p
2763,f,p
2764,f,p
2765,f,p
2766,f,p
2767,f,l
2768,f,p
2769,f,p
2770,f,p
2771,f,l
2772,f,p
2773,f,p
2774,f,p
2775,f,p
2776,f,p
2777,f,p
2778,f,p
2779,f,p
2780,f,p
2781,f,p
2782,f,p
2783,f,p
2784,f,p
2785,f,p
2786,f,p
2787,f,p
2788,f,p
2789,f,e
2790,f,p
2791,f,p
2792,f,p
2793,f,p
2794,f,p
2795,f,p
2796,f,p
2797,f,p
2798,f,p
2799,f,p
2800,f,p
2801,f,p
2802,f,e
2803,f,p
2804,f,p
2805,f,p
2806,f,p
2807,f,p
2808,f,p
2809,f,p
2810,f,p
2811,f,p
2812,f,p
2813,f,p
2814,f,p
2815,f,p
2816,f,p
2817,f,p
2818,f,e
2819,f,p
2820,f,p
2821,f,p
2822,f,p
2823,f,p
2824,f,p
2825,f,p
2826,f,p
2827,f,p
2828,f,p
2829,f,p
2830,f,p
2831,f,p
2832,f,p
2833,f,p
2834,f,p
2835,f,p
2836,f,p
2837,f,p
2838,f,p
2839,f,p
2840,f,p
2841,f,p
2842,f,p
2843,f,p
2844,f,p
2845,f,e
2846,f,p
2847,f,p
2848,f,p
2849,f,p
2850,f,p
2851,f,p
2852,f,p
2853,f,p
2854,f,p
2855,f,p
2856,f,p
2857,f,p
2858,f,p
2859,f,p
2860,f,p
2861,f,p
2862,f,p
2863,f,p
2864,f,p
2865,f,p
2866,f,p
2867,f,p
2868,f,p
2869,f,p
2870,f,p
2871,f,p
2872,f,p
2873,f,p
2874,f,p
2875,f,p
2876,f,p
2877,f,p
2878,f,p
2879,f,p
2880,f,p
2881,f,p
2882,f,e
2883,f,p
2884,f,p
2885,f,p
2886,f,p
2887,f,p
2888,f,p
2889,f,p
2890,f,p
2891,f,e
2892,f,p
2893,f,p
2894,f,p
2895,f,p
2896,f,p
2897,f,p
2898,f,p
2899,f,p
2900,f,p
2901,f,p
2902,f,p
2903,f,p
2904,f,l
2905,f,p
2906,f,p
2907,f,p
2908,f,p
2909,f,p
2910,f,p
2911,f,p
2912,f,p
2913,f,p
2914,f,p
2915,f,p
2916,f,p
2917,f,p
2918,f,p
2919,f,p
2920,f,p
2921,f,p
2922,f,p
2923,f,p
2924,f,p
2925,f,p
2926,f,p
2927,f,l
2928,f,p
2929,f,p
2930,f,p
2931,f,p
2932,f,p
2933,f,p
2934,f,p
2935,f,p
2936,f,p
2937,f,p
2938,f,l
2939,f,p
2940,f,p
2941,f,p
2942,f,p
2943,f,p
2944,f,p
2945,f,p
2946,f,p
2947,f,p
2948,f,p
2949,f,p
2950,f,p
2951,f,p
2952,f,p
2953,f,p
2954,f,p
2955,f,p
2956,f,p
2957,f,p
2958,f,p
2959,f,p
2960,f,p
2961,f,p
2962,f,p
2963,f,p
2964,f,p
2965,f,p
2966,f,p
2967,f,e
2968,f,p
2969,f,p
2970,f,p
2971,f,p
2972,f,p
2973,f,p
2974,f,p
2975,f,p
2976,f,p
2977,f,p
2978,f,p
2979,f,p
2980,f,p
2981,f,p
2982,f,p
2983,f,p
2984,f,p
2985,f,p
2986,f,p
2987,f,p
2988,f,p
2989,f,p
2990,f,p
2991,f,l
2992,f,p
2993,f,p
2994,f,p
2995,f,p
2996,f,p
2997,f,p
2998,f,p
2999,f,p
3000,f,p
3001,f,p
3002,f,l
3003,f,p
3004,f,l
3005,f,p
3006,f,p
3007,f,p
3008,f,p
3009,f,p
3010,f,l
3011,f,p
3012,f,p
3013,f,p
3014,f,p
3015,f,p
3016,f,p
3017,f,l
3018,f,l
3019,f,p
3020,f,p
3021,f,p
3022,f,p
3023,f,p
3024,f,p
3025,f,p
3026,f,p
3027,f,p
3028,f,l
3029,f,p
3030,f,p
3031,f,p
3032,f,p
3033,f,p
3034,f,p
3035,f,l
3036,f,p
3037,f,p
3038,f,p
3039,f,p
3040,f,p
3041,f,l
3042,f,l
3043,f,p
3044,f,p
3045,f,p
3046,f,p
3047,f,p
3048,f,p
3049,f,p
3050,f,p
3051,f,p
3052,f,p
3053,f,p
3054,f,p
3055,f,p
3056,f,p
3057,f,p
3058,f,p
3059,f,p
3060,f,p
3061,f,l
3062,f,p
3063,f,l
3064,f,p
3065,f,l
3066,f,p
3067,f,p
3068,f,p
3069,f,p
3070,f,l
3071,f,p
3072,f,p
3073,f,p
3074,f,l
3075,f,p
3076,f,l
3077,f,p
3078,f,p
3079,f,l
3080,f,p
3081,f,p
3082,f,p
3083,f,l
3084,f,p
3085,f,p
3086,f,l
3087,f,p
3088,f,l
3089,f,p
3090,f,l
3091,f,l
3092,f,l
3093,f,p
3094,f,l
3095,f,p
3096,f,p
3097,f,p
3098,f,p
3099,f,p
3100,f,p
3101,f,p
3102,f,p
3103,f,l
3104,f,l
3105,f,p
3106,f,p
3107,f,p
3108,f,p
3109,f,p
3110,f,l
3111,f,p
3112,f,p
3113,f,p
3114,f,p
3115,f,p
3116,f,p
3117,f,p
3118,f,p
3119,f,p
3120,f,p
3121,f,p
3122,f,p
3123,f,l
3124,f,p
3125,f,p
3126,f,p
3127,f,p
3128,f,p
3129,f,p
3130,f,p
3131,f,p
3132,f,p
3133,f,p
3134,f,p
3135,f,p
3136,f,p
3137,f,p
3138,f,p
3139,f,l
3140,f,p
3141,f,p
3142,f,l
3143,f,p
3144,f,p
3145,f,p
3146,f,p
3147,f,p
3148,f,p
3149,f,p
3150,f,p
3151,f,p
3152,f,p
3153,f,l
3154,f,p
3155,f,p
3156,f,p
3157,f,p
3158,f,p
3159,f,p
3160,f,l
3161,f,p
3162,f,l
3163,f,p
3164,f,p
3165,f,l
3166,f,p
3167,f,l
3168,f,p
3169,f,l
3170,f,p
3171,f,p
3172,f,p
3173,f,p
3174,f,l
3175,f,p
3176,f,p
3177,f,p
3178,f,p
3179,f,p
3180,f,l
3181,f,p
3182,f,p
3183,f,p
3184,f,p
3185,f,p
3186,f,p
3187,f,p
3188,f,l
3189,f,l
3190,f,p
3191,f,l
3192,f,p
3193,f,p
3194,f,l
3195,f,p
3196,f,p
3197,f,p
3198,f,p
3199,f,p
3200,f,l
3201,f,p
3202,f,l
3203,f,p
3204,f,p
3205,f,p
3206,f,l
3207,f,p
3208,f,p
3209,f,l
3210,f,p
3211,f,p
3212,f,l
3213,f,p
3214,f,p
3215,f,p
3216,f,p
3217,f,p
3218,f,p
3219,f,p
3220,f,p
3221,f,p
3222,f,p
3223,f,p
3224,f,p
3225,f,p
3226,f,p
3227,f,l
3228,f,p
3229,f,p
3230,f,p
3231,f,p
3232,f,l
3233,f,p
3234,f,l
3235,f,p
3236,f,l
3237,f,p
3238,f,p
3239,f,p
3240,f,l
3241,f,p
3242,f,p
3243,f,p
3244,f,l
3245,f,p
3246,f,l
3247,f,l
3248,f,p
3249,f,l
3250,f,p
3251,f,p
3252,f,p
3253,f,p
3254,f,p
3255,f,p
3256,f,p
3257,f,p
3258,f,p
3259,f,p
3260,f,l
3261,f,p
3262,f,p
3263,f,p
3264,f,p
3265,f,l
3266,f,l
3267,f,p
3268,f,p
3269,f,p
3270,f,l
3271,f,p
3272,f,p
3273,f,p
3274,f,p
3275,f,l
3276,f,p
3277,f,p
3278,f,l
3279,f,p
3280,f,p
3281,f,l
3282,f,l
3283,f,p
3284,f,p
3285,f,l
3286,f,p
3287,f,p
3288,f,p
3289,f,p
3290,f,p
3291,f,p
3292,f,p
3293,f,p
3294,f,p
3295,f,p
3296,f,p
3297,f,p
3298,f,p
3299,f,l
3300,f,p
3301,f,l
3302,f,p
3303,f,p
3304,f,p
3305,f,l
3306,f,p
3307,f,p
3308,f,p
3309,f,p
3310,f,p
3311,f,p
3312,f,p
3313,f,p
3314,f,l
3315,f,p
3316,f,p
3317,f,p
3318,f,p
3319,f,p
3320,f,p
3321,f,p
3322,f,p
3323,f,p
3324,f,l
3325,f,p
3326,f,p
3327,f,p
3328,f,p
3329,f,l
3330,f,p
3331,f,p
3332,f,p
3333,f,p
3334,f,p
3335,f,l
3336,f,p
3337,f,p
3338,f,p
3339,f,p
3340,f,l
3341,f,p
3342,f,l
3343,f,p
3344,f,p
3345,f,p
3346,f,p
3347,f,p
3348,f,p
3349,f,p
3350,f,l
3351,f,p
3352,f,p
3353,f,l
3354,f,p
3355,f,p
3356,f,p
3357,f,p
3358,f,p
3359,f,l
3360,f,p
3361,f,p
3362,f,p
3363,f,l
3364,f,l
3365,f,p
3366,f,p
3367,f,p
3368,f,p
3369,f,p
3370,f,p
3371,f,p
3372,f,p
3373,f,l
3374,f,p
3375,f,p
3376,f,p
3377,f,p
3378,f,p
3379,f,p
3380,f,l
3381,f,p
3382,f,p
3383,f,p
3384,f,p
3385,f,p
3386,f,p
3387,f,p
3388,f,p
3389,f,p
3390,f,l
3391,f,p
3392,f,p
3393,f,p
3394,f,p
3395,f,p
3396,f,p
3397,f,p
3398,f,p
3399,f,p
3400,f,l
3401,f,p
3402,f,p
3403,f,l
3404,f,p
3405,f,p
3406,f,p
3407,f,p
3408,f,p
3409,f,p
3410,f,p
3411,f,p
3412,f,p
3413,f,p
3414,f,p
3415,f,p
3416,f,p
3417,f,p
3418,f,l
3419,f,p
3420,f,p
3421,f,p
3422,f,p
3423,f,p
3424,f,p
3425,f,p
3426,f,l
3427,f,p
3428,f,p
3429,f,p
3430,f,p
3431,f,p
3432,f,p
3433,f,l
3434,f,p
3435,f,p
3436,f,p
3437,f,p
3438,f,l
3439,f,p
3440,f,l
3441,f,p
3442,f,p
3443,f,p
3444,f,p
3445,f,p
3446,f,p
3447,f,p
3448,f,l
3449,f,p
3450,f,p
3451,f,p
3452,f,l
3453,f,p
3454,f,l
3455,f,p
3456,f,p
3457,f,p
3458,f,p
3459,f,p
3460,f,p
3461,f,p
3462,f,p
3463,f,p
3464,f,p
3465,f,p
3466,f,l
3467,f,p
3468,f,p
3469,f,p
3470,f,p
3471,f,p
3472,f,p
3473,f,p
3474,f,l
3475,f,p
3476,f,p
3477,f,p
3478,f,p
3479,f,p
3480,f,l
3481,f,p
3482,f,p
3483,f,p
3484,f,p
3485,f,p
3486,f,p
3487,f,p
3488,f,p
3489,f,l
3490,f,p
3491,f,l
3492,f,p
3493,f,l
3494,f,p
3495,f,p
3496,f,p
3497,f,l
3498,f,p
3499,f,p
3500,f,p
3501,f,p
3502,f,p
3503,f,p
3504,f,p
3505,f,p
3506,f,p
3507,f,l
3508,f,p
3509,f,l
3510,f,p
3511,f,p
3512,f,l
3513,f,p
3514,f,l
3515,f,p
3516,f,p
3517,f,p
3518,f,p
3519,f,p
3520,f,p
3521,f,p
3522,f,p
3523,f,l
3524,f,p
3525,f,p
3526,f,p
3527,f,p
3528,f,p
3529,f,p
3530,f,p
3531,f,p
3532,f,p
3533,f,p
3534,f,l
3535,f,p
3536,f,p
3537,f,p
3538,f,p
3539,f,p
3540,f,l
3541,f,p
3542,f,p
3543,f,p
3544,f,p
3545,f,l
3546,f,p
3547,f,p
3548,f,p
3549,f,p
3550,f,p
3551,f,p
3552,f,p
3553,f,p
3554,f,p
3555,f,p
3556,f,p
3557,f,l
3558,f,p
3559,f,p
3560,f,l
3561,f,p
3562,f,p
3563,f,p
3564,f,p
3565,f,p
3566,f,l
3567,f,p
3568,f,l
3569,f,p
3570,f,p
3571,f,l
3572,f,p
3573,f,l
3574,f,p
3575,f,p
3576,f,p
3577,f,p
3578,f,p
3579,f,p
3580,f,p
3581,f,p
3582,f,l
3583,f,p
3584,f,p
3585,f,p
3586,f,p
3587,f,p
3588,f,p
3589,f,p
3590,f,p
3591,f,p
3592,f,p
3593,f,p
3594,f,p
3595,f,l
3596,f,p
3597,f,p
3598,f,l
3599,f,p
3600,f,l
3601,f,p
3602,f,p
3603,f,p
3604,f,p
3605,f,l
3606,f,p
3607,f,l
3608,f,l
3609,f,l
3610,f,p
3611,f,l
3612,f,p
3613,f,p
3614,f,p
3615,f,l
3616,f,p
3617,f,p
3618,f,p
3619,f,p
3620,f,p
3621,f,p
3622,f,l
3623,f,l
3624,f,p
3625,f,p
3626,f,l
3627,f,p
3628,f,p
3629,f,p
3630,f,p
3631,f,l
3632,f,p
3633,f,p
3634,f,l
3635,f,p
3636,f,l
3637,f,p
3638,f,p
3639,f,p
3640,f,p
3641,f,p
3642,f,p
3643,f,p
3644,f,p
3645,f,l
3646,f,p
3647,f,p
3648,f,l
3649,f,l
3650,f,l
3651,f,p
3652,f,p
3653,f,l
3654,f,l
3655,f,l
3656,f,p
3657,f,p
3658,f,p
3659,f,l
3660,f,p
3661,f,p
3662,f,l
3663,f,p
3664,f,p
3665,f,p
3666,f,p
3667,f,p
3668,f,l
3669,f,p
3670,f,p
3671,f,p
3672,f,p
3673,f,p
3674,f,p
3675,f,p
3676,f,l
3677,f,p
3678,f,p
3679,f,p
3680,f,p
3681,f,p
3682,f,p
3683,f,p
3684,f,p
3685,f,l
3686,f,p
3687,f,l
3688,f,p
3689,f,p
3690,f,p
3691,f,p
3692,f,p
3693,f,p
3694,f,p
3695,f,l
3696,f,p
3697,f,p
3698,f,p
3699,f,p
3700,f,p
3701,f,p
3702,f,l
3703,f,p
3704,f,p
3705,f,l
3706,f,p
3707,f,p
3708,f,p
3709,f,l
3710,f,p
3711,f,l
3712,f,p
3713,f,p
3714,f,l
3715,f,p
3716,f,p
3717,f,p
3718,f,p
3719,f,l
3720,f,p
3721,f,p
3722,f,p
3723,f,p
3724,f,p
3725,f,l
3726,f,p
3727,f,l
3728,f,p
3729,f,p
3730,f,p
3731,f,p
3732,f,p
3733,f,p
3734,f,p
3735,f,l
3736,f,p
3737,f,p
3738,f,l
3739,f,p
3740,f,p
3741,f,p
3742,f,l
3743,f,p
3744,f,p
3745,f,p
3746,f,p
3747,f,l
3748,f,p
3749,f,p
3750,f,p
3751,f,l
3752,f,p
3753,f,p
3754,f,p
3755,f,p
3756,f,l
3757,f,p
3758,f,p
3759,f,l
3760,f,p
3761,f,p
3762,f,p
3763,f,p
3764,f,p
3765,f,p
3766,f,p
3767,f,p
3768,f,p
3769,f,p
3770,f,p
3771,f,p
3772,f,p
3773,f,p
3774,f,p
3775,f,p
3776,f,l
3777,f,p
3778,f,p
3779,f,p
3780,f,p
3781,f,p
3782,f,l
3783,f,p
3784,f,l
3785,f,p
3786,f,p
3787,f,p
3788,f,l
3789,f,p
3790,f,p
3791,f,l
3792,f,p
3793,f,p
3794,f,p
3795,f,p
3796,f,p
3797,f,p
3798,f,p
3799,f,p
3800,f,p
3801,f,p
3802,f,p
3803,f,p
3804,f,p
3805,f,p
3806,f,p
3807,f,p
3808,f,p
3809,f,l
3810,f,p
3811,f,l
3812,f,p
3813,f,p
3814,f,p
3815,f,p
3816,f,l
3817,f,p
3818,f,p
3819,f,p
3820,f,p
3821,f,p
3822,f,p
3823,f,l
3824,f,p
3825,f,p
3826,f,p
3827,f,p
3828,f,p
3829,f,p
3830,f,l
3831,f,p
3832,f,p
3833,f,p
3834,f,p
3835,f,l
3836,f,l
3837,f,p
3838,f,p
3839,f,p
3840,f,p
3841,f,l
3842,f,p
3843,f,p
3844,f,l
3845,f,p
3846,f,p
3847,f,p
3848,f,p
3849,f,p
3850,f,p
3851,f,p
3852,f,p
3853,f,p
3854,f,p
3855,f,l
3856,f,p
3857,f,p
3858,f,p
3859,f,p
3860,f,p
3861,f,p
3862,f,p
3863,f,p
3864,f,p
3865,f,l
3866,f,p
3867,f,p
3868,f,p
3869,f,p
3870,f,p
3871,f,p
3872,f,l
3873,f,p
3874,f,l
3875,f,p
3876,f,p
3877,f,p
3878,f,p
3879,f,p
3880,f,p
3881,f,p
3882,f,p
3883,f,p
3884,f,p
3885,f,p
3886,f,p
3887,f,p
3888,f,p
3889,f,p
3890,f,l
3891,f,l
3892,f,p
3893,f,l
3894,f,p
3895,f,l
3896,f,l
3897,f,p
3898,f,p
3899,f,p
3900,f,p
3901,f,l
3902,f,l
3903,f,l
3904,f,l
3905,f,p
3906,f,l
3907,f,l
3908,f,l
3909,f,l
3910,f,l
3911,f,p
3912,f,l
3913,f,l
3914,f,l
3915,f,p
3916,f,p
3917,f,p
3918,f,l
3919,f,l
3920,f,l
3921,f,p
3922,f,l
3923,f,p
3924,f,p
3925,f,p
3926,f,l
3927,f,l
3928,f,l
3929,f,p
3930,f,l
3931,f,l
3932,f,l
3933,f,l
3934,f,l
3935,f,l
3936,f,p
3937,f,l
3938,f,p
3939,f,p
3940,f,p
3941,f,l
3942,f,l
3943,f,p
3944,f,p
3945,f,l
3946,f,p
3947,f,l
3948,f,l
3949,f,p
3950,f,l
3951,f,l
3952,f,l
3953,f,l
3954,f,p
3955,f,p
3956,f,l
3957,f,l
3958,f,l
3959,f,p
3960,f,p
3961,f,l
3962,f,p
3963,f,l
3964,f,l
3965,f,l
3966,f,l
3967,f,l
3968,f,l
3969,f,l
3970,f,p
3971,f,l
3972,f,l
3973,f,p
3974,f,p
3975,f,l
3976,f,p
3977,f,l
3978,f,l
3979,f,p
3980,f,p
3981,f,l
3982,f,p
3983,f,p
3984,f,l
3985,f,e
3986,f,l
3987,f,l
3988,f,l
3989,f,l
3990,f,p
3991,f,l
3992,f,l
3993,f,l
3994,f,p
3995,f,p
3996,f,l
3997,f,p
3998,f,l
3999,f,p
4000,f,l
4001,f,p
4002,f,l
4003,f,p
4004,f,p
4005,f,l
4006,f,l
4007,f,p
4008,f,l
4009,f,p
4010,f,p
4011,f,p
4012,f,l
4013,f,p
4014,f,l
4015,f,l
4016,f,l
4017,f,l
4018,f,l
4019,f,p
4020,f,p
4021,f,l
4022,f,l
4023,f,l
4024,f,e
4025,f,l
4026,f,l
4027,f,p
4028,f,l
4029,f,p
4030,f,l
4031,f,l
4032,f,p
4033,f,l
4034,f,p
4035,f,l
4036,f,l
4037,f,l
4038,f,l
4039,f,l
4040,f,p
4041,f,l
4042,f,p
4043,f,l
4044,f,l
4045,f,l
4046,f,p
4047,f,l
4048,f,p
4049,f,p
4050,f,l
4051,f,l
4052,f,p
4053,f,l
4054,f,l
4055,f,p
4056,f,l
4057,f,l
4058,f,p
4059,f,p
4060,f,p
4061,f,l
4062,f,p
4063,f,p
4064,f,l
4065,f,l
4066,f,l
4067,f,l
4068,f,l
4069,f,p
4070,f,l
4071,f,l
4072,f,l
4073,f,l
4074,f,p
4075,f,p
4076,f,l
4077,f,f
4078,f,p
4079,f,l
4080,f,l
4081,f,l
4082,f,l
4083,f,l
4084,f,l
4085,f,l
4086,f,l
4087,f,l
4088,f,p
4089,f,l
4090,f,p
4091,f,l
4092,f,l
4093,f,p
4094,f,p
4095,f,l
4096,f,p
4097,f,p
4098,f,l
4099,f,p
4100,f,l
4101,f,e
4102,f,l
4103,f,l
4104,f,p
4105,f,e
4106,f,p
4107,f,p
4108,f,p
4109,f,l
4110,f,p
4111,f,l
4112,f,l
4113,f,l
4114,f,p
4115,f,l
4116,f,l
4117,f,l
4118,f,l
4119,f,l
4120,f,l
4121,f,l
4122,f,p
4123,f,l
4124,f,l
4125,f,p
4126,f,l
4127,f,l
4128,f,p
4129,f,l
4130,f,p
4131,f,l
4132,f,l
4133,f,l
4134,f,p
4135,f,p
4136,f,l
4137,f,l
4138,f,l
4139,f,p
4140,f,l
4141,f,l
4142,f,p
4143,f,p
4144,f,p
4145,f,l
4146,f,l
4147,f,l
4148,f,l
4149,f,l
4150,f,l
4151,f,p
4152,f,l
4153,f,l
4154,f,l
4155,f,p
4156,f,p
4157,f,p
4158,f,l
4159,f,l
4160,f,p
4161,f,l
4162,f,p
4163,f,l
4164,f,l
4165,f,l
4166,f,e
4167,f,l
4168,f,l
4169,f,l
4170,f,l
4171,f,p
4172,f,l
4173,f,l
4174,f,l
4175,f,l
4176,f,l
4177,f,p
4178,f,l
4179,f,l
4180,f,p
4181,f,l
4182,f,l
4183,f,l
4184,f,p
4185,f,l
4186,f,l
4187,f,p
4188,f,p
4189,f,l
4190,f,l
4191,f,l
4192,f,l
4193,f,l
4194,f,l
4195,f,p
4196,f,p
4197,f,e
4198,f,p
4199,f,p
4200,f,p
4201,f,e
4202,f,l
4203,f,l
4204,f,p
4205,f,l
4206,f,l
4207,f,l
4208,f,l
4209,f,l
4210,f,l
4211,f,l
4212,f,l
4213,f,l
4214,f,l
4215,f,l
4216,f,l
4217,f,p
4218,f,l
4219,f,l
4220,f,l
4221,f,l
4222,f,l
4223,f,l
4224,f,l
4225,f,p
4226,f,l
4227,f,l
4228,f,l
4229,f,l
4230,f,l
4231,f,l
4232,f,l
4233,f,p
4234,f,l
4235,f,l
4236,f,l
4237,f,l
4238,f,l
4239,f,l
4240,f,l
4241,f,l
4242,f,l
4243,f,l
4244,f,l
4245,f,l
4246,f,p
4247,f,l
4248,f,p
4249,f,l
4250,f,l
4251,f,l
4252,f,l
4253,f,l
4254,f,p
4255,f,l
4256,f,l
4257,f,l
4258,f,l
4259,f,l
4260,f,l
4261,f,l
4262,f,l
4263,f,p
4264,f,l
4265,f,l
4266,f,l
4267,f,l
4268,f,l
4269,f,l
4270,f,l
4271,f,l
4272,f,l
4273,f,l
4274,f,l
4275,f,l
4276,f,l
4277,f,e
4278,f,l
4279,f,l
4280,f,l
4281,f,l
4282,f,l
4283,f,l
4284,f,e
4285,f,l
4286,f,l
4287,f,l
4288,f,l
4289,f,l
4290,f,l
4291,f,l
4292,f,e
4293,f,l
4294,f,l
4295,f,l
4296,f,l
4297,f,l
4298,f,l
4299,f,l
4300,f,l
4301,f,l
4302,f,l
4303,f,l
4304,f,l
4305,f,l
4306,f,p
4307,f,l
4308,f,l
4309,f,l
4310,f,l
4311,f,l
4312,f,l
4313,f,l
4314,f,l
4315,f,l
4316,f,l
4317,f,l
4318,f,l
4319,f,l
4320,f,l
4321,f,l
4322,f,l
4323,f,l
4324,f,l
4325,f,l
4326,f,l
4327,f,f
4328,f,l
4329,f,l
4330,f,e
4331,f,l
4332,f,e
4333,f,l
4334,f,l
4335,f,l
4336,f,l
4337,f,l
4338,f,l
4339,f,l
4340,f,l
4341,f,l
4342,f,p
4343,f,l
4344,f,l
4345,f,l
4346,f,l
4347,f,l
4348,f,l
4349,f,l
4350,f,p
4351,f,l
4352,f,l
4353,f,l
4354,f,l
4355,f,l
4356,f,l
4357,f,l
4358,f,e
4359,f,l
4360,f,l
4361,f,l
4362,f,l
4363,f,l
4364,f,l
4365,f,p
4366,f,p
4367,f,l
4368,f,l
4369,f,l
4370,f,l
4371,f,l
4372,f,l
4373,f,l
4374,f,l
4375,f,p
4376,f,p
4377,f,e
4378,f,l
4379,f,l
4380,f,p
4381,f,e
4382,f,l
4383,f,l
4384,f,l
4385,f,l
4386,f,l
4387,f,l
4388,f,l
4389,f,l
4390,f,l
4391,f,l
4392,f,l
4393,f,l
4394,f,l
4395,f,l
4396,f,l
4397,f,f
4398,f,l
4399,f,l
4400,f,l
4401,f,l
4402,f,l
4403,f,l
4404,f,l
4405,f,l
4406,f,l
4407,f,l
4408,f,l
4409,f,l
4410,f,l
4411,f,p
4412,f,p
4413,f,l
4414,f,l
4415,f,l
4416,f,l
4417,f,l
4418,f,p
4419,f,l
4420,f,e
4421,f,l
4422,f,l
4423,f,l
4424,f,l
4425,f,p
4426,f,l
4427,f,l
4428,f,l
4429,f,l
4430,f,e
4431,f,l
4432,f,l
4433,f,l
4434,f,l
4435,f,l
4436,f,l
4437,f,l
4438,f,l
4439,f,p
4440,f,l
4441,f,p
4442,f,l
4443,f,l
4444,f,l
4445,f,p
4446,f,l
4447,f,l
4448,f,l
4449,f,l
4450,f,l
4451,f,l
4452,f,p
4453,f,l
4454,f,l
4455,f,l
4456,f,l
4457,f,l
4458,f,l
4459,f,l
4460,f,e
4461,f,l
4462,f,e
4463,f,l
4464,f,l
4465,f,l
4466,f,l
4467,f,l
4468,f,l
4469,f,l
4470,f,p
4471,f,l
4472,f,l
4473,f,l
4474,f,l
4475,f,l
4476,f,l
4477,f,l
4478,f,l
4479,f,l
4480,f,l
4481,f,p
4482,f,l
4483,f,l
4484,f,l
4485,f,l
4486,f,l
4487,f,l
4488,f,l
4489,f,l
4490,f,l
4491,f,l
4492,f,e
4493,f,l
4494,f,l
4495,f,e
4496,f,l
4497,f,p
4498,f,e
4499,f,e
4500,f,p
4501,f,l
4502,f,l
4503,f,l
4504,f,l
4505,f,l
4506,f,l
4507,f,l
4508,f,l
4509,f,l
4510,f,l
4511,f,l
4512,f,l
4513,f,l
4514,f,l
4515,f,l
4516,f,l
4517,f,l
4518,f,l
4519,f,l
4520,f,e
4521,f,l
4522,f,l
4523,f,e
4524,f,l
4525,f,l
4526,f,l
4527,f,l
4528,f,l
4529,f,l
4530,f,l
4531,f,l
4532,f,l
4533,f,l
4534,f,f
4535,f,e
4536,f,l
4537,f,l
4538,f,l
4539,f,l
4540,f,l
4541,f,l
4542,f,l
4543,f,l
4544,f,l
4545,f,l
4546,f,l
4547,f,l
4548,f,l
4549,f,p
4550,f,p
4551,f,l
4552,f,l
4553,f,l
4554,f,l
4555,f,l
4556,f,l
4557,f,p
4558,f,f
4559,f,l
4560,f,l
4561,f,l
4562,f,l
4563,f,l
4564,f,l
4565,f,l
4566,f,l
4567,f,l
4568,f,l
4569,f,l
4570,f,l
4571,f,p
4572,f,l
4573,f,l
4574,f,l
4575,f,l
4576,f,l
4577,f,l
4578,f,l
4579,f,l
4580,f,l
4581,f,l
4582,f,l
4583,f,l
4584,f,p
4585,f,l
4586,f,l
4587,f,l
4588,f,l
4589,f,l
4590,f,l
4591,f,l
4592,f,l
4593,f,l
4594,f,l
4595,f,l
4596,f,l
4597,f,l
4598,f,l
4599,f,l
4600,f,l
4601,f,l
4602,f,l
4603,f,l
4604,f,l
4605,f,l
4606,f,l
4607,f,l
4608,f,l
4609,f,l
4610,f,l
4611,f,e
4612,f,e
4613,f,l
4614,f,l
4615,f,l
4616,f,l
4617,f,l
4618,f,l
4619,f,l
4620,f,l
4621,f,l
4622,f,l
4623,f,l
4624,f,l
4625,f,l
4626,f,l
4627,f,l
4628,f,l
4629,f,p
4630,f,p
4631,f,p
4632,f,l
4633,f,l
4634,f,l
4635,f,p
4636,f,l
4637,f,l
4638,f,l
4639,f,l
4640,f,l
4641,f,l
4642,f,p
4643,f,l
4644,f,l
4645,f,l
4646,f,l
4647,f,l
4648,f,f
4649,f,l
4650,f,l
4651,f,l
4652,f,l
4653,f,p
4654,f,l
4655,f,l
4656,f,l
4657,f,l
4658,f,l
4659,f,l
4660,f,l
4661,f,l
4662,f,p
4663,f,e
4664,f,f
4665,f,l
4666,f,l
4667,f,l
4668,f,l
4669,f,l
4670,f,l
4671,f,l
4672,f,l
4673,f,l
4674,f,e
4675,f,l
4676,f,l
4677,f,l
4678,f,l
4679,f,l
4680,f,l
4681,f,l
4682,f,l
4683,f,l
4684,f,l
4685,f,l
4686,f,l
4687,f,l
4688,f,l
4689,f,l
4690,f,l
4691,f,l
4692,f,l
4693,f,l
4694,f,l
4695,f,l
4696,f,l
4697,f,p
4698,f,l
4699,f,l
4700,f,p
4701,f,l
4702,f,l
4703,f,p
4704,f,l
4705,f,p
4706,f,l
4707,f,l
4708,f,l
4709,f,p
4710,f,p
4711,f,l
4712,f,l
4713,f,l
4714,f,l
4715,f,l
4716,f,l
4717,f,l
4718,f,f
4719,f,l
4720,f,p
4721,f,l
4722,f,l
4723,f,e
4724,f,l
4725,f,l
4726,f,l
4727,f,l
4728,f,l
4729,f,l
4730,f,l
4731,f,l
4732,f,l
4733,f,p
4734,f,l
4735,f,p
4736,f,l
4737,f,l
4738,f,l
4739,f,l
4740,f,l
4741,f,l
4742,f,l
4743,f,l
4744,f,l
4745,f,l
4746,f,l
4747,f,l
4748,f,l
4749,f,l
4750,f,p
4751,f,l
4752,f,l
4753,f,l
4754,f,l
4755,f,l
4756,f,l
4757,f,l
4758,f,l
4759,f,l
4760,f,l
4761,f,l
4762,f,l
4763,f,l
4764,f,l
4765,f,l
4766,f,l
4767,f,l
4768,f,l
4769,f,l
4770,f,l
4771,f,l
4772,f,l
4773,f,l
4774,f,l
4775,f,l
4776,f,l
4777,f,l
4778,f,e
4779,f,l
4780,f,p
4781,f,l
4782,f,l
4783,f,l
4784,f,p
4785,f,l
4786,f,l
4787,f,l
4788,f,l
4789,f,p
4790,f,l
4791,f,l
4792,f,l
4793,f,l
4794,f,l
4795,f,l
4796,f,l
4797,f,l
4798,f,l
4799,f,l
4800,f,p
4801,f,p
4802,f,e
4803,f,p
4804,f,l
4805,f,l
4806,f,l
4807,f,e
4808,f,l
4809,f,l
4810,f,l
4811,f,l
4812,f,l
4813,f,e
4814,f,l
4815,f,e
4816,f,l
4817,f,l
4818,f,e
4819,f,l
4820,f,l
4821,f,p
4822,f,l
4823,f,l
4824,f,l
4825,f,e
4826,f,l
4827,f,e
4828,f,l
4829,f,p
4830,f,l
4831,f,l
4832,f,e
4833,f,l
4834,f,l
4835,f,e
4836,f,p
4837,f,l
4838,f,l
4839,f,l
4840,f,l
4841,f,p
4842,f,p
4843,f,p
4844,f,p
4845,f,e
4846,f,p
4847,f,e
4848,f,l
4849,f,p
4850,f,l
4851,f,l
4852,f,l
4853,f,l
4854,f,l
4855,f,l
4856,f,l
4857,f,l
4858,f,l
4859,f,e
4860,f,e
4861,f,e
4862,f,l
4863,f,p
4864,f,l
4865,f,l
4866,f,p
4867,f,l
4868,f,l
4869,f,l
4870,f,e
4871,f,l
4872,f,e
4873,f,p
4874,f,l
4875,f,l
4876,f,l
4877,f,p
4878,f,l
4879,f,l
4880,f,l
4881,f,l
4882,f,l
4883,f,p
4884,f,l
4885,f,e
4886,f,l
4887,f,l
4888,f,l
4889,f,e
4890,f,p
4891,f,l
4892,f,l
4893,f,l
4894,f,p
4895,f,p
4896,f,l
4897,f,l
4898,f,l
4899,f,f
4900,f,f
4901,f,l
4902,f,l
4903,f,l
4904,f,e
4905,f,e
4906,f,l
4907,f,l
4908,f,l
4909,f,l
4910,f,l
4911,f,l
4912,f,e
4913,f,l
4914,f,l
4915,f,p
4916,f,l
4917,f,l
4918,f,l
4919,f,p
4920,f,l
4921,f,l
4922,f,p
4923,f,l
4924,f,p
4925,f,l
4926,f,l
4927,f,e
4928,f,l
4929,f,l
4930,f,l
4931,f,e
4932,f,e
4933,f,l
4934,f,l
4935,f,p
4936,f,l
4937,f,l
4938,f,l
4939,f,e
4940,f,e
4941,f,l
4942,f,l
4943,f,l
4944,f,l
4945,f,l
4946,f,e
4947,f,e
4948,f,l
4949,f,l
4950,f,l
4951,f,p
4952,f,e
4953,f,p
4954,f,l
4955,f,l
4956,f,l
4957,f,l
4958,f,l
4959,f,p
4960,f,l
4961,f,l
4962,f,l
4963,f,l
4964,f,p
4965,f,e
4966,f,e
4967,f,e
4968,f,p
4969,f,l
4970,f,l
4971,f,l
4972,f,l
4973,f,l
4974,f,l
4975,f,l
4976,f,l
4977,f,l
4978,f,l
4979,f,l
4980,f,l
4981,f,l
4982,f,l
4983,f,l
4984,f,l
4985,f,f
4986,f,l
4987,f,e
4988,f,l
4989,f,l
4990,f,l
4991,f,l
4992,f,l
4993,f,l
4994,f,e
4995,f,l
4996,f,l
4997,f,e
4998,f,l
4999,f,l
5000,f,e
5001,f,l
5002,f,e
5003,f,p
5004,f,l
5005,f,l
5006,f,f
5007,f,l
5008,f,l
5009,f,l
5010,f,l
5011,f,e
5012,f,l
5013,f,l
5014,f,l
5015,f,l
5016,f,e
5017,f,l
5018,f,l
5019,f,l
5020,f,l
5021,f,p
5022,f,p
5023,f,l
5024,f,f
5025,f,l
5026,f,l
5027,f,l
5028,f,l
5029,f,p
5030,f,l
5031,f,l
5032,f,l
5033,f,l
5034,f,l
5035,f,l
5036,f,l
5037,f,l
5038,f,l
5039,f,l
5040,f,l
5041,f,l
5042,f,e
5043,f,l
5044,f,l
5045,f,p
5046,f,l
5047,f,l
5048,f,l
5049,f,l
5050,f,l
5051,f,l
5052,f,e
5053,f,e
5054,f,e
5055,f,l
5056,f,l
5057,f,l
5058,f,l
5059,f,p
5060,f,l
5061,f,p
5062,f,l
5063,f,l
5064,f,p
5065,f,p
5066,f,p
5067,f,l
5068,f,l
5069,f,l
5070,f,l
5071,f,f
5072,f,e
5073,f,l
5074,f,l
5075,f,e
5076,f,l
5077,f,l
5078,f,l
5079,f,l
5080,f,p
5081,f,l
5082,f,l
5083,f,l
5084,f,l
5085,f,l
5086,f,e
5087,f,l
5088,f,e
5089,f,l
5090,f,l
5091,f,l
5092,f,l
5093,f,l
5094,f,l
5095,f,l
5096,f,l
5097,f,l
5098,f,p
5099,f,e
5100,f,l
5101,f,l
5102,f,e
5103,f,l
5104,f,p
5105,f,e
5106,f,e
5107,f,e
5108,f,p
5109,f,p
5110,f,e
5111,f,l
5112,f,l
5113,f,l
5114,f,e
5115,f,p
5116,f,p
5117,f,e
5118,f,e
5119,f,p
5120,f,p
5121,f,p
5122,f,p
5123,f,e
5124,f,l
5125,f,p
5126,f,p
5127,f,p
5128,f,p
5129,f,p
5130,f,p
5131,f,p
5132,f,e
5133,f,e
5134,f,e
5135,f,e
5136,f,e
5137,f,p
5138,f,p
5139,f,l
5140,f,l
5141,f,p
5142,f,e
5143,f,e
5144,f,l
5145,f,e
5146,f,e
5147,f,l
5148,f,e
5149,f,e
5150,f,e
5151,f,e
5152,f,e
5153,f,l
5154,f,p
5155,f,e
5156,f,e
5157,f,p
5158,f,p
5159,f,l
5160,f,p
5161,f,e
5162,f,p
5163,f,e
5164,f,e
5165,f,p
5166,f,p
5167,f,e
5168,f,l
5169,f,e
5170,f,e
5171,f,l
5172,f,p
5173,f,p
5174,f,l
5175,f,l
5176,f,e
5177,f,e
5178,f,p
5179,f,e
5180,f,e
5181,f,p
5182,f,p
5183,f,l
5184,f,p
5185,f,p
5186,f,e
5187,f,e
5188,f,l
5189,f,f
5190,f,l
5191,f,p
5192,f,p
5193,f,e
5194,f,e
5195,f,e
5196,f,l
5197,f,p
5198,f,e
5199,f,l
5200,f,l
5201,f,l
5202,f,p
5203,f,e
5204,f,l
5205,f,l
5206,f,e
5207,f,e
5208,f,l
5209,f,e
5210,f,p
5211,f,e
5212,f,l
5213,f,e
5214,f,p
5215,f,p
5216,f,p
5217,f,e
5218,f,p
5219,f,e
5220,f,e
5221,f,l
5222,f,e
5223,f,p
5224,f,e
5225,f,e
5226,f,p
5227,f,e
5228,f,e
5229,f,p
5230,f,e
5231,f,e
5232,f,e
5233,f,l
5234,f,e
5235,f,l
5236,f,l
5237,f,p
5238,f,p
5239,f,e
5240,f,e
5241,f,p
5242,f,e
5243,f,l
5244,f,e
5245,f,l
5246,f,e
5247,f,l
5248,f,l
5249,f,p
5250,f,l
5251,f,p
5252,f,p
5253,f,e
5254,f,l
5255,f,p
5256,f,p
5257,f,p
5258,f,e
5259,f,p
5260,f,e
5261,f,p
5262,f,l
5263,f,e
5264,f,p
5265,f,e
5266,f,e
5267,f,e
5268,f,e
5269,f,p
5270,f,e
5271,f,l
5272,f,e
5273,f,p
5274,f,e
5275,f,e
5276,f,p
5277,f,p
5278,f,e
5279,f,p
5280,f,l
5281,f,e
5282,f,p
5283,f,p
5284,f,f
5285,f,f
5286,f,e
5287,f,p
5288,f,e
5289,f,l
5290,f,p
5291,f,p
5292,f,e
5293,f,e
5294,f,l
5295,f,l
5296,f,e
5297,f,p
5298,f,e
5299,f,p
5300,f,e
5301,f,p
5302,f,l
5303,f,f
5304,f,l
5305,f,e
5306,f,e
5307,f,e
5308,f,p
5309,f,e
5310,f,e
5311,f,e
5312,f,e
5313,f,e
5314,f,e
5315,f,p
5316,f,l
5317,f,e
5318,f,p
5319,f,e
5320,f,l
5321,f,p
5322,f,e
5323,f,p
5324,f,p
5325,f,e
5326,f,f
5327,f,e
5328,f,l
5329,f,e
5330,f,p
5331,f,l
5332,f,p
5333,f,e
5334,f,p
5335,f,p
5336,f,e
5337,f,p
5338,f,e
5339,f,p
5340,f,l
5341,f,e
5342,f,p
5343,f,e
5344,f,l
5345,f,e
5346,f,e
5347,f,e
5348,f,p
5349,f,p
5350,f,p
5351,f,p
5352,f,f
5353,f,l
5354,f,p
5355,f,e
5356,f,l
5357,f,p
5358,f,p
5359,f,l
5360,f,l
5361,f,e
5362,f,e
5363,f,e
5364,f,l
5365,f,p
5366,f,e
5367,f,l
5368,f,l
5369,f,p
5370,f,p
5371,f,l
5372,f,e
5373,f,p
5374,f,p
5375,f,p
5376,f,e
5377,f,p
5378,f,p
5379,f,e
5380,f,e
5381,f,l
5382,f,p
5383,f,e
5384,f,p
5385,f,e
5386,f,e
5387,f,e
5388,f,e
5389,f,p
5390,f,e
5391,f,e
5392,f,p
5393,f,e
5394,f,p
5395,f,e
5396,f,p
5397,f,l
5398,f,l
5399,f,e
5400,f,l
5401,f,l
5402,f,e
5403,f,e
5404,f,p
5405,f,e
5406,f,p
5407,f,l
5408,f,p
5409,f,l
5410,f,p
5411,f,p
5412,f,e
5413,f,l
5414,f,e
5415,f,l
5416,f,e
5417,f,e
5418,f,e
5419,f,p
5420,f,l
5421,f,e
5422,f,e
5423,f,l
5424,f,p
5425,f,p
5426,f,p
5427,f,p
5428,f,l
5429,f,p
5430,f,p
5431,f,f
5432,f,l
5433,f,e
5434,f,p
5435,f,e
5436,f,p
5437,f,f
5438,f,l
5439,f,l
5440,f,p
5441,f,e
5442,f,e
5443,f,l
5444,f,e
5445,f,p
5446,f,p
5447,f,e
5448,f,p
5449,f,e
5450,f,p
5451,f,p
5452,f,p
5453,f,l
5454,f,l
5455,f,l
5456,f,l
5457,f,p
5458,f,p
5459,f,p
5460,f,l
5461,f,p
5462,f,e
5463,f,p
5464,f,e
5465,f,p
5466,f,e
5467,f,e
5468,f,p
5469,f,p
5470,f,e
5471,f,p
5472,f,e
5473,f,p
5474,f,e
5475,f,l
5476,f,l
5477,f,l
5478,f,p
5479,f,p
5480,f,e
5481,f,p
5482,f,e
5483,f,p
5484,f,e
5485,f,l
5486,f,l
5487,f,l
5488,f,e
5489,f,l
5490,f,e
5491,f,p
5492,f,l
5493,f,e
5494,f,p
5495,f,p
5496,f,l
5497,f,l
5498,f,f
5499,f,p
5500,f,p
5501,f,p
5502,f,e
5503,f,e
5504,f,e
5505,f,e
5506,f,p
5507,f,l
5508,f,e
5509,f,p
5510,f,p
5511,f,p
5512,f,e
5513,f,p
5514,f,e
5515,f,e
5516,f,f
5517,f,l
5518,f,e
5519,f,l
5520,f,e
5521,f,p
5522,f,e
5523,f,e
5524,f,p
5525,f,l
5526,f,e
5527,f,p
5528,f,l
5529,f,f
5530,f,e
5531,f,e
5532,f,p
5533,f,l
5534,f,e
5535,f,e
5536,f,e
5537,f,e
5538,f,e
5539,f,e
5540,f,p
5541,f,e
5542,f,l
5543,f,l
5544,f,l
5545,f,e
5546,f,p
5547,f,e
5548,f,e
5549,f,p
5550,f,e
5551,f,p
5552,f,f
5553,f,p
5554,f,f
5555,f,e
5556,f,p
5557,f,e
5558,f,e
5559,f,e
5560,f,e
5561,f,p
5562,f,l
5563,f,e
5564,f,e
5565,f,p
5566,f,l
5567,f,p
5568,f,l
5569,f,p
5570,f,e
5571,f,e
5572,f,p
5573,f,l
5574,f,e
5575,f,p
5576,f,p
5577,f,e
5578,f,p
5579,f,e
5580,f,e
5581,f,p
5582,f,e
5583,f,e
5584,f,e
5585,f,p
5586,f,e
5587,f,f
5588,f,p
5589,f,e
5590,f,e
5591,f,e
5592,f,p
5593,f,l
5594,f,p
5595,f,e
5596,f,e
5597,f,e
5598,f,p
5599,f,e
5600,f,f
5601,f,e
5602,f,e
5603,f,e
5604,f,e
5605,f,e
5606,f,p
5607,f,e
5608,f,l
5609,f,e
5610,f,p
5611,f,p
5612,f,l
5613,f,e
5614,f,l
5615,f,e
5616,f,e
5617,f,l
5618,f,p
5619,f,p
5620,f,e
5621,f,e
5622,f,p
5623,f,e
5624,f,e
5625,f,e
5626,f,l
5627,f,p
5628,f,l
5629,f,e
5630,f,p
5631,f,e
5632,f,l
5633,f,l
5634,f,p
5635,f,e
5636,f,l
5637,f,l
5638,f,p
5639,f,e
5640,f,l
5641,f,e
5642,f,e
5643,f,l
5644,f,l
5645,f,e
5646,f,e
5647,f,p
5648,f,p
5649,f,l
5650,f,e
5651,f,l
5652,f,l
5653,f,e
5654,f,e
5655,f,l
5656,f,p
5657,f,l
5658,f,p
5659,f,p
5660,f,e
5661,f,p
5662,f,e
5663,f,l
5664,f,p
5665,f,e
5666,f,l
5667,f,e
5668,f,l
5669,f,e
5670,f,e
5671,f,p
5672,f,l
5673,f,l
5674,f,e
5675,f,f
5676,f,l
5677,f,p
5678,f,p
5679,f,p
5680,f,e
5681,f,e
5682,f,f
5683,f,e
5684,f,e
5685,f,p
5686,f,l
5687,f,e
5688,f,e
5689,f,p
5690,f,l
5691,f,e
5692,f,e
5693,f,e
5694,f,l
5695,f,e
5696,f,e
5697,f,l
5698,f,e
5699,f,e
5700,f,l
5701,f,l
5702,f,l
5703,f,e
5704,f,p
5705,f,e
5706,f,p
5707,f,p
5708,f,l
5709,f,p
5710,f,e
5711,f,p
5712,f,e
5713,f,p
5714,f,e
5715,f,f
5716,f,e
5717,f,p
5718,f,p
5719,f,p
5720,f,e
5721,f,e
5722,f,e
5723,f,e
5724,f,p
5725,f,e
5726,f,p
5727,f,p
5728,f,e
5729,f,p
5730,f,p
5731,f,l
5732,f,e
5733,f,e
5734,f,f
5735,f,e
5736,f,p
5737,f,e
5738,f,e
5739,f,p
5740,f,p
5741,f,p
5742,f,e
5743,f,p
5744,f,e
5745,f,p
5746,f,e
5747,f,l
5748,f,p
5749,f,e
5750,f,p
5751,f,p
5752,f,p
5753,f,p
5754,f,p
5755,f,e
5756,f,e
5757,f,l
5758,f,e
5759,f,e
5760,f,p
5761,f,p
5762,f,e
5763,f,p
5764,f,p
5765,f,f
5766,f,p
5767,f,p
5768,f,f
5769,f,e
5770,f,e
5771,f,e
5772,f,e
5773,f,p
5774,f,f
5775,f,p
5776,f,p
5777,f,e
5778,f,f
5779,f,p
5780,f,f
5781,f,e
5782,f,e
5783,f,p
5784,f,e
5785,f,l
5786,f,p
5787,f,l
5788,f,e
5789,f,p
5790,f,p
5791,f,e
5792,f,p
5793,f,l
5794,f,p
5795,f,e
5796,f,l
5797,f,l
5798,f,l
5799,f,p
5800,f,e
5801,f,e
5802,f,e
5803,f,p
5804,f,l
5805,f,e
5806,f,p
5807,f,p
5808,f,e
5809,f,p
5810,f,l
5811,f,e
5812,f,p
5813,f,p
5814,f,l
5815,f,e
5816,f,e
5817,f,e
5818,f,e
5819,f,p
5820,f,e
5821,f,e
5822,f,l
5823,f,p
5824,f,e
5825,f,l
5826,f,l
5827,f,e
5828,f,p
5829,f,e
5830,f,l
5831,f,p
5832,f,e
5833,f,l
5834,f,p
5835,f,e
5836,f,f
5837,f,f
5838,f,e
5839,f,p
5840,f,f
5841,f,p
5842,f,l
5843,f,p
5844,f,l
5845,f,l
5846,f,l
5847,f,p
5848,f,f
5849,f,p
5850,f,e
5851,f,e
5852,f,p
5853,f,l
5854,f,p
5855,f,e
5856,f,p
5857,f,l
5858,f,l
5859,f,e
5860,f,e
5861,f,e
5862,f,e
5863,f,p
5864,f,e
5865,f,e
5866,f,e
5867,f,p
5868,f,p
5869,f,e
5870,f,e
5871,f,l
5872,f,e
5873,f,e
5874,f,p
5875,f,e
5876,f,f
5877,f,l
5878,f,p
5879,f,e
5880,f,p
5881,f,p
5882,f,l
5883,f,p
5884,f,e
5885,f,e
5886,f,l
5887,f,e
5888,f,p
5889,f,p
5890,f,p
5891,f,l
5892,f,e
5893,f,p
5894,f,e
5895,f,e
5896,f,f
5897,f,p
5898,f,p
5899,f,e
5900,f,l
5901,f,e
5902,f,p
5903,f,l
5904,f,e
5905,f,l
5906,f,p
5907,f,e
5908,f,e
5909,f,p
5910,f,l
5911,f,p
5912,f,l
5913,f,p
5914,f,e
5915,f,e
5916,f,l
5917,f,e
5918,f,e
5919,f,p
5920,f,p
5921,f,l
5922,f,p
5923,f,p
5924,f,l
5925,f,l
5926,f,l
5927,f,l
5928,f,p
5929,f,e
5930,f,p
5931,f,e
5932,f,e
5933,f,e
5934,f,e
5935,f,p
5936,f,e
5937,f,p
5938,f,e
5939,f,e
5940,f,e
5941,f,p
5942,f,p
5943,f,p
5944,f,l
5945,f,e
5946,f,p
5947,f,p
5948,f,p
5949,f,f
5950,f,e
5951,f,l
5952,f,p
5953,f,l
5954,f,e
5955,f,l
5956,f,e
5957,f,e
5958,f,l
5959,f,l
5960,f,p
5961,f,e
5962,f,e
5963,f,e
5964,f,p
5965,f,e
5966,f,l
5967,f,e
5968,f,l
5969,f,l
5970,f,p
5971,f,f
5972,f,e
5973,f,p
5974,f,e
5975,f,p
5976,f,p
5977,f,e
5978,f,p
5979,f,e
5980,f,l
5981,f,f
5982,f,p
5983,f,p
5984,f,l
5985,f,p
5986,f,e
5987,f,l
5988,f,p
5989,f,p
5990,f,e
5991,f,l
5992,f,e
5993,f,p
5994,f,l
5995,f,e
5996,f,e
5997,f,e
5998,f,f
5999,f,p
6000,f,l
6001,f,e
6002,f,e
6003,f,e
6004,f,e
6005,f,e
6006,f,e
6007,f,e
6008,f,e
6009,f,e
6010,f,e
6011,f,e
6012,f,e
6013,f,e
6014,f,e
6015,f,e
6016,f,e
6017,f,e
6018,f,e
6019,f,e
6020,f,e
6021,f,e
6022,f,e
6023,f,e
6024,f,e
6025,f,e
6026,f,e
6027,f,e
6028,f,e
6029,f,e
6030,f,e
6031,f,e
6032,f,e
6033,f,e
6034,f,e
6035,f,e
6036,f,e
6037,f,e
6038,f,e
6039,a,p
6040,f,e
6041,a,p
6042,f,e
6043,f,e
6044,f,e
6045,f,e
6046,f,e
6047,f,e
6048,f,e
6049,f,e
6050,f,e
6051,f,e
6052,f,e
6053,f,e
6054,f,e
6055,f,e
6056,f,e
6057,f,e
6058,f,e
6059,f,e
6060,f,e
6061,f,e
6062,f,e
6063,f,e
6064,f,e
6065,f,e
6066,f,e
6067,f,e
6068,f,e
6069,f,p
6070,f,e
6071,f,e
6072,f,e
6073,f,e
6074,f,e
6075,f,e
6076,f,e
6077,f,e
6078,f,e
6079,f,e
6080,f,e
6081,f,e
6082,f,e
6083,f,e
6084,f,e
6085,f,e
6086,f,e
6087,f,e
6088,f,e
6089,f,e
6090,f,e
6091,f,e
6092,f,e
6093,f,e
6094,f,e
6095,f,e
6096,f,e
6097,f,e
6098,f,e
6099,f,e
6100,f,e
6101,f,e
6102,f,e
6103,f,e
6104,f,e
6105,f,e
6106,f,e
6107,f,e
6108,f,e
6109,f,e
6110,f,e
6111,f,e
6112,f,e
6113,f,e
6114,f,e
6115,f,e
6116,f,e
6117,f,e
6118,f,e
6119,f,e
6120,f,e
6121,f,p
6122,f,e
6123,f,e
6124,f,e
6125,f,e
6126,f,e
6127,f,e
6128,f,e
6129,f,e
6130,f,e
6131,f,e
6132,f,e
6133,f,e
6134,f,e
6135,f,e
6136,f,e
6137,f,e
6138,f,e
6139,f,e
6140,f,e
6141,f,e
6142,f,e
6143,f,p
6144,f,e
6145,f,e
6146,f,e
6147,f,e
6148,f,p
6149,f,e
6150,f,e
6151,f,e
6152,f,e
6153,f,e
6154,f,e
6155,f,e
6156,f,e
6157,f,e
6158,f,e
6159,f,e
6160,f,e
6161,f,e
6162,f,e
6163,f,e
6164,f,e
6165,f,e
6166,f,e
6167,f,e
6168,f,e
6169,f,e
6170,f,e
6171,f,e
6172,f,e
6173,f,e
6174,f,e
6175,f,e
6176,f,e
6177,f,e
6178,f,e
6179,f,e
6180,f,e
6181,f,e
6182,f,e
6183,f,e
6184,f,e
6185,f,e
6186,f,e
6187,f,e
6188,f,e
6189,f,e
6190,f,e
6191,f,e
6192,f,e
6193,f,e
6194,f,e
6195,f,p
6196,f,e
6197,f,e
6198,f,e
6199,f,e
6200,f,e
6201,f,e
6202,f,e
6203,f,e
6204,f,p
6205,f,e
6206,f,e
6207,f,e
6208,f,e
6209,f,e
6210,f,e
6211,f,e
6212,f,e
6213,f,e
6214,f,e
6215,f,p
6216,f,e
6217,f,e
6218,f,e
6219,f,e
6220,f,p
6221,f,e
6222,f,e
6223,f,e
6224,f,e
6225,f,e
6226,f,e
6227,f,e
6228,f,e
6229,f,e
6230,f,e
6231,f,e
6232,f,e
6233,f,e
6234,f,e
6235,f,e
6236,f,e
6237,f,e
6238,f,e
6239,f,e
6240,f,e
6241,f,e
6242,f,e
6243,f,e
6244,f,e
6245,f,e
6246,f,e
6247,f,e
6248,f,e
6249,f,e
6250,f,e
6251,f,e
6252,f,e
6253,f,e
6254,f,e
6255,f,e
6256,f,e
6257,f,e
6258,f,e
6259,f,e
6260,f,e
6261,f,e
6262,f,p
6263,f,e
6264,f,e
6265,f,e
6266,f,e
6267,f,e
6268,f,e
6269,f,e
6270,f,e
6271,f,e
6272,f,e
6273,f,e
6274,f,e
6275,f,e
6276,f,e
6277,f,e
6278,f,e
6279,f,e
6280,f,p
6281,f,e
6282,f,e
6283,f,e
6284,f,e
6285,f,e
6286,f,e
6287,f,e
6288,f,e
6289,f,e
6290,f,e
6291,f,e
6292,f,e
6293,f,e
6294,f,e
6295,f,e
6296,f,e
6297,f,e
6298,f,e
6299,f,e
6300,f,e
6301,f,e
6302,f,e
6303,f,e
6304,f,e
6305,f,e
6306,f,e
6307,f,e
6308,f,e
6309,f,e
6310,f,e
6311,f,e
6312,f,e
6313,f,e
6314,f,e
6315,f,e
6316,f,e
6317,f,e
6318,f,e
6319,f,e
6320,f,e
6321,f,e
6322,f,e
6323,f,e
6324,f,e
6325,f,e
6326,f,e
6327,f,e
6328,f,e
6329,f,e
6330,f,e
6331,f,e
6332,f,p
6333,f,e
6334,f,e
6335,f,e
6336,f,e
6337,f,e
6338,f,e
6339,f,e
6340,f,e
6341,f,e
6342,f,e
6343,f,e
6344,f,e
6345,f,e
6346,f,e
6347,f,e
6348,f,e
6349,f,e
6350,f,e
6351,f,e
6352,f,e
6353,f,e
6354,f,e
6355,f,e
6356,f,e
6357,f,e
6358,f,e
6359,f,e
6360,f,e
6361,f,e
6362,f,e
6363,f,e
6364,f,e
6365,f,e
6366,f,e
6367,f,p
6368,f,e
6369,f,e
6370,f,e
6371,f,e
6372,f,e
6373,f,e
6374,f,e
6375,f,e
6376,a,p
6377,f,e
6378,f,e
6379,f,e
6380,f,e
6381,f,e
6382,f,e
6383,f,e
6384,f,e
6385,f,e
6386,f,e
6387,f,e
6388,f,e
6389,f,e
6390,f,e
6391,f,e
6392,f,e
6393,f,e
6394,f,e
6395,f,e
6396,f,e
6397,f,p
6398,f,e
6399,f,e
6400,f,e
6401,f,e
6402,f,e
6403,f,e
6404,f,p
6405,f,e
6406,f,e
6407,f,p
6408,f,e
6409,f,e
6410,f,e
6411,f,e
6412,f,e
6413,f,e
6414,f,e
6415,f,e
6416,f,n
6417,f,e
6418,f,e
6419,f,e
6420,f,e
6421,f,e
6422,f,e
6423,f,e
6424,f,e
6425,a,p
6426,f,e
6427,f,e
6428,f,e
6429,f,e
6430,f,e
6431,f,e
6432,f,e
6433,f,e
6434,f,e
6435,a,p
6436,f,e
6437,f,e
6438,f,e
6439,f,e
6440,f,e
6441,f,e
6442,f,e
6443,f,e
6444,f,e
6445,f,e
6446,f,e
6447,f,e
6448,f,e
6449,f,e
6450,f,p
6451,f,e
6452,f,e
6453,f,e
6454,f,e
6455,f,e
6456,f,e
6457,f,e
6458,f,e
6459,f,e
6460,f,e
6461,f,e
6462,f,e
6463,f,e
6464,f,e
6465,f,e
6466,f,e
6467,f,e
6468,f,e
6469,f,e
6470,f,e
6471,f,e
6472,f,e
6473,f,e
6474,f,e
6475,f,e
6476,f,e
6477,f,e
6478,f,e
6479,f,e
6480,f,e
6481,f,e
6482,f,e
6483,f,e
6484,f,e
6485,f,e
6486,f,e
6487,f,e
6488,f,e
6489,f,e
6490,f,e
6491,f,e
6492,f,e
6493,f,e
6494,f,e
6495,f,e
6496,f,e
6497,f,e
6498,f,e
6499,f,e
6500,f,e
6501,f,e
6502,f,e
6503,f,e
6504,f,e
6505,f,e
6506,f,e
6507,f,e
6508,f,e
6509,f,e
6510,f,p
6511,f,e
6512,f,e
6513,f,e
6514,f,e
6515,f,e
6516,f,e
6517,f,e
6518,f,p
6519,f,e
6520,f,e
6521,f,e
6522,f,e
6523,f,e
6524,f,e
6525,f,e
6526,f,e
6527,f,e
6528,f,e
6529,f,e
6530,f,e
6531,f,p
6532,f,e
6533,f,e
6534,f,e
6535,f,e
6536,f,e
6537,f,e
6538,f,e
6539,f,e
6540,f,e
6541,f,e
6542,f,e
6543,f,e
6544,f,e
6545,f,e
6546,f,e
6547,f,e
6548,f,e
6549,f,e
6550,f,e
6551,f,e
6552,f,e
6553,f,e
6554,f,e
6555,f,e
6556,f,e
6557,f,e
6558,f,e
6559,a,p
6560,f,e
6561,f,e
6562,f,e
6563,f,e
6564,f,e
6565,f,e
6566,f,e
6567,f,e
6568,f,e
6569,f,e
6570,f,e
6571,f,e
6572,f,e
6573,f,e
6574,f,e
6575,f,e
6576,f,e
6577,f,e
6578,f,e
6579,f,e
6580,f,e
6581,f,e
6582,f,e
6583,f,e
6584,f,e
6585,f,e
6586,f,e
6587,f,e
6588,f,e
6589,f,e
6590,f,e
6591,f,e
6592,f,e
6593,f,e
6594,f,e
6595,f,e
6596,f,e
6597,f,e
6598,f,e
6599,f,e
6600,f,p
6601,f,e
6602,f,e
6603,f,e
6604,f,e
6605,f,e
6606,f,e
6607,f,e
6608,f,e
6609,f,e
6610,f,e
6611,f,e
6612,f,e
6613,f,e
6614,f,e
6615,f,e
6616,f,e
6617,f,e
6618,f,e
6619,f,e
6620,f,e
6621,f,e
6622,f,e
6623,f,e
6624,f,e
6625,f,e
6626,f,e
6627,f,e
6628,f,e
6629,f,e
6630,f,e
6631,f,e
6632,f,e
6633,f,e
6634,f,e
6635,f,e
6636,f,e
6637,f,e
6638,f,e
6639,f,e
6640,f,e
6641,f,e
6642,f,e
6643,f,e
6644,f,e
6645,f,e
6646,f,e
6647,f,e
6648,f,e
6649,f,e
6650,f,e
6651,f,e
6652,f,e
6653,f,e
6654,f,e
6655,f,e
6656,f,e
6657,f,e
6658,f,e
6659,f,e
6660,f,e
6661,f,p
6662,f,e
6663,f,e
6664,a,p
6665,f,e
6666,f,e
6667,f,e
6668,f,e
6669,a,n
6670,f,e
6671,f,e
6672,f,e
6673,f,e
6674,f,e
6675,f,e
6676,f,e
6677,f,e
6678,f,e
6679,f,e
6680,f,e
6681,f,e
6682,f,e
6683,f,e
6684,f,e
6685,f,e
6686,f,e
6687,f,e
6688,f,e
6689,f,e
6690,f,e
6691,f,e
6692,f,e
6693,f,e
6694,f,e
6695,f,e
6696,f,e
6697,f,e
6698,f,e
6699,f,e
6700,f,e
6701,f,e
6702,f,e
6703,f,e
6704,f,e
6705,f,e
6706,f,e
6707,f,e
6708,f,e
6709,f,e
6710,f,e
6711,f,e
6712,f,e
6713,f,e
6714,f,e
6715,f,e
6716,f,e
6717,f,e
6718,f,e
6719,f,e
6720,f,e
6721,f,e
6722,f,e
6723,f,e
6724,f,e
6725,f,e
6726,f,e
6727,f,e
6728,f,e
6729,f,e
6730,f,e
6731,f,e
6732,f,e
6733,f,e
6734,f,e
6735,f,e
6736,f,e
6737,f,e
6738,f,e
6739,f,e
6740,f,e
6741,f,e
6742,f,e
6743,f,e
6744,f,e
6745,f,p
6746,f,e
6747,f,e
6748,f,e
6749,f,e
6750,f,e
6751,f,e
6752,f,e
6753,f,p
6754,f,e
6755,f,e
6756,f,e
6757,f,e
6758,f,e
6759,f,e
6760,f,e
6761,f,e
6762,f,e
6763,f,p
6764,a,p
6765,f,e
6766,f,e
6767,f,e
6768,f,e
6769,f,e
6770,f,e
6771,f,e
6772,f,e
6773,f,e
6774,f,e
6775,f,p
6776,f,e
6777,f,e
6778,f,e
6779,f,e
6780,f,e
6781,f,e
6782,f,e
6783,f,e
6784,f,e
6785,f,e
6786,f,e
6787,f,e
6788,f,e
6789,f,e
6790,f,e
6791,f,e
6792,f,e
6793,f,e
6794,f,e
6795,f,e
6796,f,e
6797,f,e
6798,f,e
6799,f,e
6800,f,e
6801,f,e
6802,f,e
6803,f,e
6804,f,e
6805,f,e
6806,f,e
6807,f,e
6808,f,e
6809,f,e
6810,f,e
6811,f,e
6812,f,e
6813,f,e
6814,f,e
6815,f,e
6816,f,e
6817,f,e
6818,f,e
6819,f,e
6820,f,e
6821,f,e
6822,f,e
6823,f,e
6824,f,e
6825,f,e
6826,f,e
6827,f,e
6828,f,p
6829,f,e
6830,f,e
6831,f,e
6832,f,e
6833,f,e
6834,f,e
6835,f,e
6836,f,e
6837,f,e
6838,f,e
6839,f,e
6840,f,e
6841,f,e
6842,f,e
6843,f,e
6844,f,e
6845,f,e
6846,f,e
6847,f,e
6848,f,e
6849,f,e
6850,a,p
6851,f,e
6852,f,e
6853,f,e
6854,f,e
6855,f,e
6856,f,n
6857,f,e
6858,f,e
6859,f,e
6860,f,e
6861,f,p
6862,f,e
6863,f,e
6864,f,e
6865,f,e
6866,f,e
6867,f,e
6868,f,e
6869,f,e
6870,f,e
6871,f,e
6872,f,e
6873,f,e
6874,f,e
6875,f,e
6876,f,e
6877,f,e
6878,f,e
6879,f,e
6880,f,e
6881,f,e
6882,f,e
6883,f,e
6884,f,e
6885,f,p
6886,f,e
6887,f,e
6888,f,e
6889,f,e
6890,f,e
6891,f,e
6892,f,e
6893,f,e
6894,f,e
6895,f,e
6896,f,e
6897,f,e
6898,f,e
6899,f,e
6900,f,e
6901,a,p
6902,f,e
6903,f,e
6904,f,e
6905,f,p
6906,a,p
6907,f,p
6908,f,p
6909,f,e
6910,f,e
6911,a,p
6912,f,e
6913,f,e
6914,f,e
6915,f,p
6916,f,e
6917,f,e
6918,f,e
6919,f,e
6920,f,e
6921,f,p
6922,f,e
6923,f,e
6924,f,e
6925,f,p
6926,f,e
6927,f,e
6928,a,p
6929,f,p
6930,f,e
6931,f,e
6932,f,e
6933,f,p
6934,f,e
6935,f,e
6936,f,e
6937,f,e
6938,f,p
6939,f,p
6940,f,e
6941,f,e
6942,f,p
6943,f,e
6944,f,e
6945,f,e
6946,a,n
6947,f,e
6948,f,e
6949,f,e
6950,f,e
6951,f,e
6952,f,e
6953,f,p
6954,f,e
6955,f,e
6956,f,e
6957,f,e
6958,f,e
6959,f,p
6960,f,e
6961,f,e
6962,f,e
6963,f,e
6964,f,e
6965,f,e
6966,f,e
6967,f,e
6968,f,p
6969,f,e
6970,f,e
6971,f,p
6972,f,e
6973,f,e
6974,f,e
6975,f,e
6976,f,p
6977,f,e
6978,f,e
6979,f,e
6980,f,e
6981,f,e
6982,f,e
6983,f,e
6984,f,e
6985,f,p
6986,f,e
6987,f,e
6988,f,e
6989,f,e
6990,a,p
6991,f,p
6992,f,n
6993,f,e
6994,f,e
6995,a,p
6996,f,e
6997,f,e
6998,f,p
6999,f,p
7000,a,p
7001,f,e
7002,f,e
7003,f,e
7004,f,p
7005,f,p
7006,f,p
7007,f,e
7008,f,e
7009,f,p
7010,f,p
7011,f,e
7012,f,p
7013,f,e
7014,f,e
7015,f,e
7016,f,p
7017,f,p
7018,f,e
7019,f,e
7020,f,p
7021,f,p
7022,f,e
7023,f,p
7024,f,e
7025,f,e
7026,a,p
7027,a,p
7028,f,e
7029,f,e
7030,f,e
7031,f,e
7032,f,e
7033,f,p
7034,a,p
7035,f,n
7036,f,p
7037,a,p
7038,a,p
7039,f,e
7040,f,p
7041,f,p
7042,a,p
7043,f,e
7044,f,e
7045,f,e
7046,f,e
7047,f,p
7048,f,e
7049,f,e
7050,f,e
7051,f,p
7052,a,p
7053,f,e
7054,f,e
7055,a,p
7056,f,e
7057,f,e
7058,f,e
7059,f,e
7060,f,e
7061,f,e
7062,f,e
7063,f,e
7064,f,p
7065,f,e
7066,a,n
7067,f,e
7068,f,p
7069,f,e
7070,f,e
7071,f,e
7072,f,e
7073,f,e
7074,f,p
7075,f,e
7076,f,e
7077,f,e
7078,f,e
7079,f,e
7080,a,p
7081,f,e
7082,f,e
7083,f,e
7084,f,e
7085,f,e
7086,f,e
7087,f,p
7088,f,e
7089,f,e
7090,f,p
7091,a,p
7092,f,n
7093,f,e
7094,f,e
7095,f,e
7096,f,e
7097,f,e
7098,f,e
7099,f,p
7100,f,e
7101,a,n
7102,f,e
7103,f,e
7104,f,p
7105,f,e
7106,f,e
7107,f,e
7108,f,e
7109,f,e
7110,f,e
7111,f,p
7112,a,n
7113,f,e
7114,f,e
7115,f,e
7116,f,e
7117,f,p
7118,f,e
7119,f,e
7120,f,p
7121,f,e
7122,f,e
7123,f,e
7124,f,p
7125,f,e
7126,f,e
7127,f,e
7128,f,e
7129,a,p
7130,f,e
7131,f,e
7132,f,e
7133,f,e
7134,a,p
7135,f,p
7136,a,p
7137,f,p
7138,f,e
7139,f,e
7140,f,e
7141,f,e
7142,f,p
7143,f,e
7144,f,p
7145,f,e
7146,f,e
7147,f,n
7148,f,e
7149,f,e
7150,f,e
7151,f,e
7152,f,e
7153,f,e
7154,f,p
7155,f,e
7156,f,e
7157,f,e
7158,f,e
7159,f,p
7160,f,e
7161,f,e
7162,f,e
7163,f,p
7164,f,e
7165,f,e
7166,f,e
7167,f,n
7168,f,p
7169,f,e
7170,f,e
7171,f,p
7172,f,e
7173,f,e
7174,a,p
7175,f,e
7176,f,e
7177,a,p
7178,f,e
7179,f,e
7180,f,e
7181,f,e
7182,f,p
7183,a,p
7184,f,p
7185,f,e
7186,f,p
7187,f,e
7188,f,e
7189,a,p
7190,f,e
7191,f,e
7192,f,e
7193,f,e
7194,f,e
7195,f,e
7196,f,p
7197,f,e
7198,f,e
7199,f,e
7200,f,e
7201,f,p
7202,f,e
7203,f,p
7204,f,e
7205,f,p
7206,a,p
7207,f,e
7208,f,e
7209,f,p
7210,f,e
7211,f,e
7212,f,p
7213,f,e
7214,f,e
7215,f,e
7216,f,e
7217,f,e
7218,f,p
7219,f,e
7220,f,e
7221,f,p
7222,a,p
7223,f,p
7224,f,e
7225,f,e
7226,f,e
7227,f,p
7228,f,e
7229,a,p
7230,f,p
7231,f,n
7232,f,p
7233,f,e
7234,a,p
7235,f,p
7236,a,p
7237,f,p
7238,f,e
7239,f,e
7240,a,p
7241,f,e
7242,f,e
7243,f,e
7244,f,e
7245,a,p
7246,f,p
7247,a,p
7248,f,e
7249,f,e
7250,f,e
7251,f,e
7252,a,p
7253,f,e
7254,a,p
7255,f,e
7256,f,p
7257,f,e
7258,f,e
7259,f,p
7260,f,e
7261,f,p
7262,f,e
7263,f,e
7264,f,p
7265,f,e
7266,a,n
7267,f,p
7268,f,e
7269,f,e
7270,f,e
7271,f,p
7272,f,p
7273,f,e
7274,f,p
7275,f,e
7276,f,e
7277,f,p
7278,f,e
7279,f,p
7280,f,e
7281,f,p
7282,a,p
7283,f,e
7284,f,e
7285,f,p
7286,a,n
7287,f,e
7288,f,e
7289,f,e
7290,f,e
7291,a,p
7292,f,e
7293,f,p
7294,f,p
7295,f,e
7296,f,e
7297,f,e
7298,f,e
7299,f,e
7300,a,p
7301,f,p
7302,f,p
7303,f,e
7304,f,e
7305,f,e
7306,f,p
7307,a,p
7308,f,e
7309,f,e
7310,f,p
7311,f,e
7312,f,p
7313,f,e
7314,f,e
7315,f,p
7316,f,p
7317,f,e
7318,f,e
7319,f,e
7320,f,p
7321,f,e
7322,f,e
7323,f,e
7324,f,n
7325,f,e
7326,a,p
7327,f,e
7328,a,p
7329,f,p
7330,f,p
7331,f,e
7332,f,e
7333,f,e
7334,f,e
7335,f,p
7336,f,p
7337,f,n
7338,f,e
7339,f,e
7340,f,e
7341,f,e
7342,f,e
7343,f,n
7344,f,e
7345,f,p
7346,f,e
7347,f,p
7348,f,e
7349,f,e
7350,f,p
7351,f,p
7352,f,e
7353,a,p
7354,f,p
7355,f,p
7356,f,e
7357,f,e
7358,f,e
7359,f,p
7360,f,p
7361,f,p
7362,f,p
7363,f,e
7364,f,e
7365,f,e
7366,f,e
7367,a,p
7368,f,e
7369,a,n
7370,f,e
7371,f,p
7372,f,e
7373,f,p
7374,f,p
7375,f,e
7376,a,p
7377,a,p
7378,f,p
7379,f,p
7380,f,e
7381,f,e
7382,f,e
7383,f,e
7384,f,e
7385,f,e
7386,f,p
7387,f,n
7388,f,e
7389,a,p
7390,f,e
7391,f,p
7392,f,p
7393,f,e
7394,f,e
7395,f,e
7396,f,e
7397,f,e
7398,f,e
7399,f,p
7400,f,e
7401,f,p
7402,f,e
7403,f,e
7404,f,e
7405,f,p
7406,a,p
7407,f,e
7408,a,p
7409,f,e
7410,f,e
7411,f,e
7412,f,p
7413,a,p
7414,a,p
7415,f,e
7416,f,p
7417,f,p
7418,f,e
7419,f,p
7420,f,e
7421,f,e
7422,f,e
7423,f,p
7424,f,e
7425,f,e
7426,a,p
7427,f,e
7428,f,e
7429,f,e
7430,f,e
7431,f,e
7432,f,e
7433,a,p
7434,f,e
7435,f,p
7436,f,e
7437,f,e
7438,a,p
7439,f,e
7440,f,p
7441,a,p
7442,f,e
7443,f,e
7444,f,p
7445,f,p
7446,f,p
7447,a,p
7448,f,e
7449,f,e
7450,f,p
7451,f,p
7452,f,e
7453,f,e
7454,f,e
7455,f,e
7456,a,p
7457,f,e
7458,f,e
7459,f,e
7460,a,p
7461,f,p
7462,f,e
7463,f,e
7464,f,p
7465,f,e
7466,f,e
7467,f,e
7468,a,p
7469,f,p
7470,a,n
7471,f,e
7472,f,e
7473,f,e
7474,f,e
7475,f,e
7476,f,e
7477,f,e
7478,f,e
7479,f,e
7480,f,p
7481,a,n
7482,f,p
7483,f,e
7484,f,e
7485,f,e
7486,a,n
7487,f,p
7488,f,e
7489,f,e
7490,f,e
7491,a,p
7492,f,e
7493,f,e
7494,f,e
7495,f,e
7496,f,e
7497,f,e
7498,f,e
7499,f,p
7500,f,p
7501,f,p
7502,f,e
7503,f,e
7504,f,e
7505,f,e
7506,f,e
7507,f,e
7508,f,e
7509,f,e
7510,f,e
7511,a,p
7512,f,e
7513,f,e
7514,f,p
7515,f,p
7516,f,e
7517,a,p
7518,f,e
7519,f,e
7520,f,e
7521,f,e
7522,f,e
7523,a,p
7524,a,p
7525,f,p
7526,f,e
7527,a,p
7528,f,e
7529,f,p
7530,f,p
7531,f,e
7532,a,p
7533,f,p
7534,f,p
7535,f,p
7536,f,p
7537,f,n
7538,a,p
7539,f,e
7540,f,e
7541,f,p
7542,f,p
7543,f,p
7544,a,p
7545,f,e
7546,f,e
7547,f,e
7548,a,p
7549,f,p
7550,f,e
7551,f,p
7552,f,e
7553,f,p
7554,f,e
7555,f,e
7556,a,p
7557,f,e
7558,f,e
7559,a,p
7560,f,p
7561,f,p
7562,a,p
7563,f,e
7564,f,e
7565,f,p
7566,f,e
7567,f,p
7568,f,e
7569,f,e
7570,f,e
7571,f,p
7572,f,e
7573,f,e
7574,f,p
7575,f,e
7576,f,e
7577,f,p
7578,f,e
7579,f,e
7580,f,e
7581,f,e
7582,f,p
7583,f,e
7584,f,e
7585,f,p
7586,f,p
7587,f,p
7588,f,e
7589,f,e
7590,f,e
7591,f,p
7592,f,e
7593,f,e
7594,f,p
7595,f,e
7596,f,e
7597,f,e
7598,f,p
7599,f,e
7600,f,e
7601,f,e
7602,f,e
7603,f,p
7604,f,e
7605,f,p
7606,f,e
7607,f,e
7608,f,e
7609,f,e
7610,f,p
7611,f,p
7612,f,e
7613,a,p
7614,f,e
7615,f,e
7616,f,p
7617,f,e
7618,a,p
7619,f,e
7620,f,e
7621,f,e
7622,f,e
7623,f,p
7624,f,p
7625,f,e
7626,f,e
7627,f,p
7628,a,p
7629,f,e
7630,f,e
7631,a,p
7632,f,p
7633,f,p
7634,f,e
7635,f,e
7636,f,n
7637,a,p
7638,f,e
7639,f,e
7640,f,e
7641,f,p
7642,f,p
7643,f,p
7644,f,p
7645,f,p
7646,f,e
7647,f,e
7648,f,e
7649,f,e
7650,f,p
7651,f,p
7652,f,p
7653,a,p
7654,f,e
7655,f,e
7656,f,e
7657,f,e
7658,f,e
7659,a,p
7660,f,p
7661,f,e
7662,f,e
7663,f,p
7664,f,e
7665,a,p
7666,a,p
7667,f,e
7668,f,e
7669,f,e
7670,f,e
7671,f,e
7672,f,p
7673,f,e
7674,f,p
7675,a,p
7676,f,e
7677,f,e
7678,f,e
7679,f,p
7680,f,e
7681,f,p
7682,f,e
7683,f,p
7684,f,e
7685,f,e
7686,f,p
7687,f,e
7688,f,e
7689,a,p
7690,a,p
7691,f,e
7692,f,e
7693,a,p
7694,f,e
7695,f,e
7696,f,e
7697,f,e
7698,f,e
7699,f,p
7700,a,p
7701,f,e
7702,a,p
7703,f,p
7704,f,e
7705,f,p
7706,f,p
7707,f,e
7708,f,e
7709,f,e
7710,a,n
7711,a,p
7712,f,e
7713,f,p
7714,f,e
7715,f,n
7716,f,e
7717,a,p
7718,f,p
7719,f,e
7720,f,e
7721,f,p
7722,f,p
7723,f,e
7724,a,p
7725,f,p
7726,f,p
7727,f,e
7728,a,n
7729,f,e
7730,a,p
7731,f,e
7732,f,e
7733,f,e
7734,f,e
7735,f,e
7736,f,e
7737,f,p
7738,a,p
7739,f,e
7740,f,e
7741,f,p
7742,a,p
7743,f,e
7744,f,p
7745,f,p
7746,a,p
7747,f,p
7748,f,p
7749,f,p
7750,f,p
7751,f,e
7752,f,e
7753,f,p
7754,f,p
7755,f,e
7756,f,e
7757,f,e
7758,f,e
7759,f,e
7760,a,p
7761,f,e
7762,f,p
7763,a,p
7764,f,p
7765,f,e
7766,a,p
7767,f,e
7768,f,e
7769,f,e
7770,f,p
7771,f,e
7772,f,e
7773,f,p
7774,f,e
7775,f,e
7776,f,e
7777,f,p
7778,f,p
7779,f,e
7780,f,p
7781,f,e
7782,f,e
7783,a,p
7784,f,p
7785,f,e
7786,f,e
7787,f,e
7788,f,e
7789,a,p
7790,f,e
7791,f,p
7792,a,p
7793,f,e
7794,f,e
7795,f,e
7796,f,p
7797,f,e
7798,f,p
7799,f,e
7800,f,e
7801,f,e
7802,a,n
7803,f,e
7804,f,p
7805,f,e
7806,f,n
7807,f,e
7808,a,p
7809,f,e
7810,f,p
7811,f,p
7812,a,p
7813,f,e
7814,a,p
7815,f,p
7816,f,e
7817,f,e
7818,f,p
7819,f,p
7820,f,e
7821,f,n
7822,f,e
7823,f,e
7824,f,p
7825,f,e
7826,a,p
7827,f,e
7828,f,e
7829,a,p
7830,a,p
7831,f,p
7832,a,p
7833,f,e
7834,a,p
7835,a,p
7836,f,e
7837,a,p
7838,f,e
7839,f,p
7840,f,e
7841,a,p
7842,f,e
7843,f,p
7844,f,p
7845,a,p
7846,a,p
7847,f,e
7848,f,p
7849,f,e
7850,f,e
7851,f,e
7852,f,e
7853,f,e
7854,f,e
7855,f,p
7856,f,e
7857,f,e
7858,f,e
7859,f,p
7860,a,p
7861,f,p
7862,f,e
7863,f,e
7864,f,e
7865,f,e
7866,f,e
7867,a,p
7868,f,p
7869,f,e
7870,f,e
7871,f,p
7872,a,p
7873,f,p
7874,f,e
7875,f,e
7876,f,e
7877,f,e
7878,f,e
7879,a,p
7880,f,e
7881,f,e
7882,f,e
7883,f,p
7884,f,e
7885,f,e
7886,f,e
7887,a,p
7888,f,p
7889,f,e
7890,f,e
7891,f,p
7892,f,e
7893,f,e
7894,a,p
7895,f,p
7896,f,p
7897,f,e
7898,f,e
7899,f,p
7900,f,e
7901,f,p
7902,f,e
7903,f,e
7904,f,e
7905,f,p
7906,a,p
7907,f,e
7908,f,p
7909,f,e
7910,f,p
7911,a,n
7912,a,p
7913,f,p
7914,a,p
7915,f,e
7916,a,p
7917,f,p
7918,f,e
7919,f,p
7920,f,p
7921,f,e
7922,f,p
7923,a,p
7924,f,e
7925,f,e
7926,f,e
7927,f,e
7928,a,p
7929,f,e
7930,f,p
7931,f,e
7932,f,p
7933,f,e
7934,f,p
7935,f,e
7936,f,e
7937,f,e
7938,a,p
7939,f,p
7940,a,p
7941,f,p
7942,a,n
7943,f,e
7944,f,e
7945,a,p
7946,a,p
7947,f,p
7948,f,e
7949,f,e
7950,f,e
7951,f,e
7952,f,e
7953,f,p
7954,a,p
7955,f,p
7956,f,p
7957,a,p
7958,a,p
7959,f,p
7960,f,e
7961,f,p
7962,f,e
7963,f,e
7964,f,e
7965,a,p
7966,f,p
7967,f,p
7968,f,e
7969,f,e
7970,f,e
7971,a,p
7972,a,p
7973,f,p
7974,f,e
7975,f,p
7976,f,p
7977,f,p
7978,a,p
7979,f,e
7980,a,p
7981,f,e
7982,a,n
7983,f,e
7984,f,p
7985,f,p
7986,a,p
7987,f,p
7988,f,e
7989,a,p
7990,f,e
7991,f,e
7992,f,p
7993,f,e
7994,f,p
7995,a,p
7996,f,e
7997,a,p
7998,f,e
7999,f,e
8000,a,p
8001,a,p
8002,f,p
8003,f,p
8004,a,p
8005,f,e
8006,f,e
8007,f,e
8008,f,e
8009,f,e
8010,a,p
8011,a,p
8012,a,p
8013,f,e
8014,a,p
8015,f,p
8016,f,p
8017,f,e
8018,f,p
8019,f,p
8020,f,p
8021,f,e
8022,f,e
8023,f,e
8024,f,e
8025,f,e
8026,a,p
8027,a,p
8028,f,e
8029,f,e
8030,f,p
8031,f,p
8032,f,e
8033,f,e
8034,f,e
8035,a,p
8036,f,p
8037,a,p
8038,f,e
8039,f,p
8040,f,e
8041,a,p
8042,f,e
8043,a,p
8044,a,p
8045,a,p
8046,f,e
8047,f,p
8048,f,e
8049,f,e
8050,f,e
8051,f,e
8052,f,p
8053,a,p
8054,f,e
8055,a,p
8056,f,p
8057,a,p
8058,a,p
8059,f,e
8060,f,e
8061,f,e
8062,f,e
8063,f,e
8064,f,p
8065,f,e
8066,a,p
8067,f,e
8068,a,p
8069,a,p
8070,a,p
8071,f,e
8072,a,p
8073,f,e
8074,a,p
8075,f,p
8076,a,p
8077,a,p
8078,a,p
8079,f,p
8080,f,e
8081,f,e
8082,f,e
8083,f,e
8084,f,e
8085,f,p
8086,f,p
8087,a,p
8088,f,e
8089,a,p
8090,f,e
8091,f,e
8092,f,e
8093,f,e
8094,f,e
8095,f,p
8096,f,n
8097,f,p
8098,f,e
8099,f,e
8100,f,p
8101,a,p
8102,f,e
8103,a,p
8104,a,p
8105,a,p
8106,a,p
8107,a,p
8108,a,p
8109,f,e
8110,f,p
8111,a,p
8112,f,p
8113,a,p
8114,f,e
8115,a,n
8116,a,p
8117,f,e
8118,f,e
8119,f,e
8120,a,p
8121,a,p
8122,a,p
8123,f,e
8124,a,p
